title,url,description,content
"Ngành công an bàn giải pháp ứng dụng blockchain, AI",https://vnexpress.net/nganh-cong-an-ban-giai-phap-ung-dung-blockchain-ai-4820869.html,"Hiệp hội Blockchain Việt Nam (VBA) cùng Cục Công nghệ thông tin, Bộ Công an tổ chức buổi tọa đàm về ứng dụng blockchain và AI trong ngành công an, ngày 19/11.","Theo VBA, ứng dụng Blockchain và AI trong công tác công an giúp tăng cường phòng ngừa tội phạm, phát hiện sớm và ngăn chặn các hành vi phạm tội, nâng cao hiệu quả đấu tranh truy vết các vụ án, giảm thiểu lừa đảo qua không gian mạng. Công nghệ này còn nâng cao hiệu quả công tác quản lý nhà nước về an ninh, trật tự, nâng cao năng lực của cán bộ, chiến sĩ ngành công an phục vụ người dân và doanh nghiệp. Thiếu tướng Dương Văn Tính, Cục trưởng Cục Công nghệ Thông tin, Bộ Công an chia sẻ tại sự kiện. Ảnh: VBA Ông Phan Đức Trung, Phó chủ tịch thường trực VBA cho rằng sự phát triển của blockchain, AI đặt ra nhiều thách thức với ngành công an như tình trạng lừa đảo toàn cầu. Tại tọa đàm, ông Trung đã dẫn một số trường hợp điển hình như dự án gọi vốn đầu tư ""ma"", deepfake giả danh các nhân vật nổi tiếng, quan chức nhà nước... để phân tích, nêu hướng ngăn chặn các hành vi tương tự. Đối với lĩnh vực trí tuệ nhân tạo (AI), ông Lê Linh Lương, Phó viện trưởng Viện Công nghệ Blockchain và Trí tuệ nhân tạo ABAII, thành viên VBA nhấn mạnh các mối đe dọa từ deepfake (sử dụng AI làm giả video và giọng nói giống thật). Ông Lương dẫn chứng những trường hợp tiêu biểu như làm giả hình ảnh, giọng nói các lãnh đạo, nguyên thủ các quốc gia. Ông Phan Đức Trung, Phó chủ tịch thường trực VBA chia sẻ những thách thức của thị trường tài chính Web3. Ảnh: VBA Để nâng cao nhận thức cho người dân, tránh lừa đảo trên không gian mạng, VBA và Viện ABAII đang triển khai nhiều dự án như nền tảng MasterTeck học trực tuyến phổ cập blockchain, AI; AI tra cứu luật (ứng dụng trợ lý ảo tra cứu văn bản pháp lý); chương trình ChainTracer truy vết các dự án lừa đảo, cảnh báo cộng đồng... Thiếu tướng Dương Văn Tính, Cục trưởng Cục Công nghệ thông tin, Bộ Công an, cho biết với vai trò chuyên trách về công nghệ thông tin, Cục Công nghệ thông tin rất quan tâm tới việc ứng dụng Blockchain và AI để ngăn chặn, truy vết các hành vi tội phạm mới, nâng cao năng lực cho đội ngũ cán bộ, chiến sĩ từ trung ương tới địa phương. Tuy nhiên, ông Tính cho rằng đây là hai công nghệ mới nên việc ứng dụng vẫn chưa tương xứng với yêu cầu. Đại diện các bên chụp ảnh tại sự kiện. Ảnh: VBA Do đó, Cục Công nghệ thông tin kỳ vọng VBA sẽ đồng hành, hỗ trợ trên phương diện đào tạo, nâng cao năng lực cho cán bộ, chiến sĩ ngành công an, cung cấp, hỗ trợ tư vấn xây dựng hạ tầng kỹ thuật và các ứng dụng phù hợp. Đại tá Phạm Văn Dinh, Phó cục trưởng Cục Công nghệ thông tin, Bộ Công an cho biết nhiều trường hợp phát sinh liên quan đến công nghệ blockchain, AI nhưng chưa được giải quyết triệt để vì nhiều lý do như độ trễ của chính sách, tính chất phức tạp và mức độ sẵn sàng của nhân lực. Ngoài các nội dung về ứng dụng blockchain và AI, các bên cũng thảo luận một số nội dung được Chính phủ đề cập trong chiến lược Blockchain Quốc gia, khả năng hợp tác thực hiện các nhiệm vụ này trong thời gian tới. Hoài Phương"
'Kỳ lân' blockchain đứng sau Axie Infinity sa thải 21% nhân sự,https://vnexpress.net/ky-lan-blockchain-dung-sau-axie-infinity-sa-thai-21-nhan-su-4819813.html,"Sky Mavis, startup tỷ USD tại Việt Nam đứng sau game Axie Infinity và blockchain Ronin, thông báo sẽ sa thải 21% nhân sự.","Trong thông báo ngày 23/11, Nguyễn Thành Trung, nhà đồng sáng lập Sky Mavis, cho biết để tập trung tốt hơn vào các sản phẩm chính, công ty ""cần có sự linh hoạt cần thiết"" cũng như thay đổi các ưu tiên. ""Quyết định này không liên quan đến ngân sách hoặc tình hình tài chính của công ty. Đây là động thái chiến lược cho phép tập trung rõ ràng hơn và định vị Sky Mavis để tăng trưởng năm 2025 và sau đó"", Trung viết. Sky Mavis không nói rõ bộ phận nào sẽ được tinh giản hay quá trình thực hiện ra sao, nhưng khẳng định nhân viên sẽ nhận được gói trợ cấp nghỉ việc cũng như hỗ trợ tìm việc mới. Theo chia sẻ năm 2023, công ty có khoảng 250 nhân viên trên toàn cầu, trong đó văn phòng tại Việt Nam là 200 người. Nhiều nhân sự từ nước ngoài cũng đang làm việc cho Sky Mavis tại văn phòng TP HCM. Logo Sky Mavis trong video giới thiệu văn phòng công ty ở TP HCM. Ảnh chụp màn hình Nói về lý do thay đổi, nhà sáng lập Nguyễn Thành Trung đánh giá các chính sách thân thiện với tiền điện tử gần đây được dự đoán sẽ tạo làn sóng đổi mới cùng với các dự án Web3, có thể tạo ra sự thay đổi lớn tương tự năm 2018, khi công ty ra mắt game Axie Infinity. Từ đó, công ty quyết định tập trung vào các mục tiêu về Ronin Wallet, Mavis Marketplace, mở rộng blockchain Ronin để thu hút thêm các nhà phát triển cũng như phát hành thêm trò chơi Web3. Quyết định của Sky Mavis được công bố trong bối cảnh thị trường tiền số đang khởi sắc trở lại và Bitcoin tiến sát mốc 100.000 USD. Sau thông báo trên, tiền số Ron của blockchain Ronin tăng 15%, đưa vốn hóa thị trường lên hơn 600 triệu USD, trong khi đồng AXS gắn với game Axie Infinity tăng hơn 20% vốn hóa đạt 1,24 tỷ USD trong ngày 24/11. Trước đó, Sky Mavis cũng là một trong số ít startup có nhà sáng lập người Việt được định giá trên 1 tỷ USD, còn được gọi là ""kỳ lân"". Sky Mavis được lập ra bởi Nguyễn Thành Trung, Tú Đoàn, Việt Anh cùng hai thành viên nước ngoài Aleksander Larsen, Jeffrey Zirlin vào năm 2018. Công ty nổi tiếng với game Axie Infinity, tiên phong cho trào lưu play-to-earn (chơi để kiếm tiền) và từng gây sốt trong giai đoạn đại dịch khi giúp nhiều người có thể có thu nhập từ game. Để vận hành trò chơi, họ cũng xây dựng một blockchain là Ronin. Tuy nhiên, sau khi cơn sốt play-to-earn xuất hiện nhiều vấn đề, kết hợp việc cầu nối Ronin bị hacker tấn công lấy đi lượng tiền số trị giá 600 triệu USD năm 2022, công ty này đã tiến hành nhiều thay đổi, trong đó có việc cung cấp phiên bản chơi miễn phí của Axie Infinity, cũng như đưa Ronin thành nền tảng cho các game Web3. Theo công bố của Nguyễn Thành Trung, Ronin vẫn là blockchain được sử dụng nhiều thứ ba trên thế giới với hơn 1,1 triệu địa chỉ hoạt động hàng ngày. Ứng dụng Ví Ronin cũng đạt trên 10 triệu lượt tải. Lưu Quý"
Trình Quốc hội Luật về quản lý tài sản mã hóa,https://vnexpress.net/trinh-quoc-hoi-luat-ve-quan-ly-tai-san-ma-hoa-4819461.html,"Sáng 23/11, Chính phủ trình Quốc hội Luật Công nghiệp công nghệ số, trong đó có một chương quy định về tài sản số, tài sản mã hóa.","Theo dự thảo, tài sản số là tài sản vô hình, được thể hiện dưới dạng dữ liệu số, được tạo ra, phát hành, lưu trữ, chuyển giao và xác thực bởi công nghệ số trên môi trường điện tử và được pháp luật bảo hộ quyền tài sản phù hợp với quy định pháp luật dân sự, sở hữu trí tuệ và pháp luật khác có liên quan. Tài sản mã hóa là một loại tài sản số được tạo ra, phát hành, lưu trữ, chuyển giao và xác thực bằng công nghệ chuỗi khối, công nghệ sổ cái phân tán hoặc công nghệ số khác tương tự. Thay mặt Chính phủ đọc tờ trình, Phó thủ tướng Lê Thành Long cho biết dự luật quy định nhiều nguyên tắc để xác định tài sản số gồm: thể hiện dưới dạng dữ liệu số; xác định được quyền sở hữu; có thể giao dịch, chuyển giao bằng phương tiện điện tử; có giá trị kinh tế; tồn tại và hoạt động mà không cần gắn liền với tài sản vật chất; bảo đảm tính toàn vẹn, bảo mật; xác thực được tính hợp pháp và nguồn gốc; bảo đảm minh bạch thông tin, trách nhiệm giải trình. Theo dự thảo, quản lý tài sản số bao gồm các quy định về quyền sở hữu, chuyển nhượng, sử dụng tài sản số; quy định về thuế, tài chính; hợp tác quốc tế và chia sẻ thông tin; quy định về bảo mật, an toàn thông tin, an ninh mạng, sở hữu trí tuệ, bảo vệ người tiêu dùng; quản lý theo vòng đời; phòng chống, ngăn chặn, quản lý rủi ro. Phó thủ tướng Lê Thành Long. Ảnh: Media Quốc hội Bộ trưởng, Thủ trưởng cơ quan ngang bộ, Chủ tịch UBND cấp tỉnh có trách nhiệm quản lý tài sản số trong ngành, lĩnh vực, địa bàn phụ trách theo quy định của pháp luật. Chính phủ quy định chi tiết loại hình, tiêu chí, nguyên tắc quản lý tài sản số, các tổ chức cung ứng dịch vụ tài sản số, quyền và trách nhiệm của tổ chức, cá nhân có liên quan tùy thuộc vào điều kiện thực tiễn. Thẩm tra, Chủ nhiệm Ủy ban Khoa học, Công nghệ và Môi trường Lê Quang Huy nói việc quy định về tài sản số trong dự luật là cần thiết. Tuy nhiên, quản lý tài sản số là vấn đề mới, phức tạp nên cần cân nhắc kỹ. Trong đó, Chính phủ cần nghiên cứu phân loại tài sản số và xây dựng quy định quản lý tương ứng. Ngoài ra, dự luật cần bổ sung chế định về quyền sở hữu, thừa kế và sử dụng; biện pháp bảo mật, giao dịch tài sản số, xử lý khiếu nại của người dùng, bảo hộ quyền sở hữu trí tuệ phù hợp với thông lệ quốc tế, thuận lợi cho các giao dịch; chống rửa tiền và minh bạch hóa thị trường. Hồi tháng 4, ông Cao Đăng Vinh, Vụ phó Pháp luật dân sự - Bộ Tư pháp, cho hay trên thế giới vẫn còn nhiều khái niệm khác nhau về tài sản ảo, tiền kỹ thuật số, tiền mã hóa. Các nước có cách tiếp cận cũng khác nhau. Đơn cử, Mỹ không ban hành khung pháp lý riêng cho tiền ảo, tài sản ảo mà dùng các luật chuyên ngành điều chỉnh. Ông Vinh đánh giá tài sản ảo, tiền ảo ""tiềm ẩn nhiều rủi ro dễ bị lợi dụng chiếm đoạt"", nhưng Việt Nam chưa có quy định cụ thể và chưa coi tiền mã hóa là một loại tài sản. Vì vậy thời gian tới, ông Vinh cho rằng cần xây dựng khuôn khổ pháp lý để quản lý tài sản ảo, tiền ảo. ""Cần có quy định cấm các hành vi mang tính rủi ro hoặc lợi dụng chiếm đoạt tiền ảo, tài sản ảo"", ông Vinh nói và cho hay, khi Bộ Tài chính đưa ra đề xuất cụ thể, Bộ Tư pháp sẽ có quan điểm rõ ràng hơn. Các loại tiền số như Bitcoin, Ethereum... được coi là tài sản ảo phổ biến. Tuy nhiên, Việt Nam chưa có định nghĩa cụ thể. Các quy định hiện mới đề cập khái niệm tiền điện tử neo theo tiền pháp định, tồn tại dưới dạng thẻ trả trước ngân hàng, ví điện tử. Hồi tháng 2, Chính phủ giao Bộ Tài chính nghiên cứu, xây dựng khung pháp lý để cấm hoặc điều chỉnh tài sản ảo và các tổ chức cung ứng dịch vụ tài sản này, hoàn thành trong tháng 5/2025. Việc này nhằm hạn chế rủi ro về rửa tiền, tài trợ khủng bố liên quan tới loại tài sản này. Theo số liệu của Hiệp hội Blockchain Việt Nam (VBA) vào tháng 9/2023, giá trị tiền ảo Việt Nam nhận về tương đương gần 91 tỷ USD trong một năm (từ 10/2021 đến 10/2022). Trong đó, các hoạt động bất hợp pháp là 956 triệu USD. Sơn Hà"
Nhiều người 'cháy' tài khoản trong ngày Bitcoin đạt đỉnh,https://vnexpress.net/nhieu-nguoi-chay-tai-khoan-trong-ngay-bitcoin-dat-dinh-4819119.html,"Dự đoán giá Bitcoin sẽ đi xuống, Hoài Phong quyết định ""đánh Short"" vào tối 21/11, nhưng sáng hôm sau, anh nhận email thông báo ""cháy"" tài khoản.","""Khi Bitcoin đạt 94.000 USD mỗi đồng tối qua, tôi nghĩ giá không thể lên được nữa nên quyết định dự đoán giá giảm. Nhưng sáng nay, tôi nhận email thông báo từ sàn rằng lệnh đã thanh lý khi Bitcoin lên mức trên 99.000 USD"", anh Phong (Quảng Ngãi) cho biết đã mất gần 10.000 USD sau một đêm. Một người dùng ""gồng lỗ"" khi sử dụng tính năng Future trên một sàn giao dịch tiền số. Ảnh: Bảo Lâm Những người như anh Phong hiện sử dụng Future - tính năng giao dịch hợp đồng tương lai, có mặt trên nhiều sàn tiền số như Binance, MEXC, Bybit... Người chơi có thể đặt lệnh dự đoán tăng (Long) hoặc giảm (Short) giá của một loại tiền số trong thời gian nhất định mà không cần sở hữu đồng đó và thu về một khoản tiền nhất định nếu đúng. Nếu dự đoán sai và đến ngưỡng, lệnh sẽ bị thanh lý, đồng nghĩa họ sẽ mất toàn bộ số tiền trong hợp đồng tương lai đó. Chưa đến mức ""cháy"" tài khoản như anh Phong, anh Trần Minh, người chơi tiền số ở TP HCM, cho biết đang ""gồng lỗ"" vì dự đoán giá Bitcoin sẽ giảm từ khi ở mức hơn 91.000 USD, dùng đòn bẩy 125 lần (125x). Anh đang âm tài khoản hơn 700%, tương đương số tiền gần 3.000 USD. Ngày 22/11, giá Bitcoin tăng mạnh lên mốc 99.000 USD, phá mọi kỷ lục trước đó. Tính riêng năm nay, tiền số này tăng 160%. Theo thống kê của Coinglass trong 24 giờ qua, hơn 400 triệu USD của khoảng 160.000 người chơi Future đã ""bốc hơi"". Lệnh thanh lý lớn nhất trị giá 4,6 triệu USD, thuộc về một người đặt trên sàn giao dịch Binance rằng cặp ETH/BTC (Ethereum/Bitcoin) sẽ giảm giá. Giá Bitcoin tính đến trưa 22/11. Nguồn: CoinMarketCap Một số chuyên gia cảnh báo việc chơi Future có thể gây nghiện. Hoàng Việt, một chuyên gia trong lĩnh vực blockchain tại TP HCM, cho rằng các hình thức chơi như Future trên sàn tiền số chính là cờ bạc. ""Việc dự đoán giá lên xuống cũng giống trò tài xỉu trong đánh bạc. Bạn dễ dàng tham gia, nhưng cũng trắng tay rất nhanh"", ông Việt khuyến cáo. Trong khi đó, nói với Washington Post năm 2022, nhà trị liệu Aaron Sternlicht ở New York nhận định chơi tiền số dễ gây nghiện hơn cá cược thể thao và đầu tư tài chính kiểu truyền thống, do tiền số có thể giao dịch suốt ngày đêm, không như cổ phiếu. Hiện nay, nghiện tiền số chưa được chính thức công nhận là một chứng rối loạn sức khỏe tâm thần. ""Trong 5 năm qua, chúng tôi nhận thấy số lượng người giao dịch tiền số tăng mạnh, đi kèm số người nghiện cũng cao hơn"", chuyên gia Lia Nower tại Đại học Rutgers ở New Jersey nói. ""Giao dịch tiền số quá mức, với hy vọng kiếm được lợi nhuận gấp nhiều lần, đó chính là đánh bạc"". ""Dù cần nghiên cứu thêm, việc nghiện tiền số có thể xem như một dạng của nghiện cờ bạc"", Sternlicht nhận xét. Bảo Lâm - Lưu Quý"
KOOPlanIT hợp tác Liên minh Blockchain Việt Nam,https://vnexpress.net/kooplanit-hop-tac-lien-minh-blockchain-viet-nam-4817239.html,"TP HCMKOOPlanIT và Liên minh Blockchain Việt Nam ký kết hợp tác ngày 11/11 để phát triển kinh doanh, nhân lực và công nghệ.","Sự kiện ký kết nhằm tăng cường mối quan hệ hợp tác giữa hai bên, chia sẻ công nghệ và tài nguyên từ Hàn Quốc để thúc đẩy liên kết trong ngành công nghiệp blockchain. Mục tiêu chủ chốt là phát triển ngành công nghiệp blockchain tại Việt Nam. Đại diện KOOPlanIT và Liên minh Blockchain Việt Nam trong lễ ký kết. Ảnh: Liên minh Blockchain Việt Nam Hai bên đồng ý hợp tác trong chiến lược kinh doanh, phát triển nhân lực và nghiên cứu phát triển (R&D) cho thị trường blockchain Việt Nam. Đồng thời, họ sẽ cải thiện hệ thống liên quan đến blockchain và STO, cùng nghiên cứu các chính sách về ngành công nghiệp để đề xuất Chính phủ. Ngoài ra, hai bên sẽ thúc đẩy trao đổi công nghệ blockchain giữa thị trường Hàn Quốc và Việt Nam, từ đó cùng nghiên cứu các giải pháp dựa trên blockchain cho các lĩnh vực: sàn giao dịch tài sản số, nền tảng STO, ví điện tử cá nhân và lập kế hoạch chiến lược cho thị trường Việt Nam. Hiện tại, KOOPlanIT triển khai nền tảng mạng xã hội dựa trên web3.0 mang tên Aura tại thị trường Việt Nam, kế hoạch mở rộng sang lĩnh vực STO bằng tài năng của các nhà sáng tạo nội dung. Liên minh Blockchain Việt Nam là tổ chức hoạt động vì cộng đồng, định hướng hỗ trợ và tư vấn lập chiến lược phát triển ngành blockchain tại Việt Nam, nguồn nhân lực, mạng lưới, giao lưu quốc tế. Ông Lim Chul Woong và ông Đinh Lê Tuấn Anh ký biên bản hợp tác. Ảnh: Liên minh Blockchain Việt Nam Thỏa thuận hợp tác này gần dịp Chính phủ công bố ""Tầm nhìn Blockchain Việt Nam 2030"" vào tháng 10, mở ra thời kỳ mới cho sự hợp tác giữa thị trường blockchain của Hàn Quốc và Việt Nam. Ông Lim Chul Woong, CEO KOOPlanIT nhận xét Hàn Quốc có những bước tiến lớn trong ngành công nghiệp blockchain nhưng hiện trì trệ do thiếu các đạo luật cần thiết. Trong khi đó, Việt Nam được đánh giá là một thị trường tiềm năng nhờ quy mô đầu tư mạnh mẽ của người dân vào tài sản số. Đại diện Liên minh Blockchain Việt Nam Đinh Lê Tuấn Anh kỳ vọng sẽ có thêm nhiều giao lưu quốc tế để tiếp nhận công nghệ tiên tiến. Sự hợp tác với KOOPlanIT hứa hẹn thu hút thêm nhiều doanh nghiệp blockchain Hàn Quốc tham gia vào thị trường Việt Nam. Thanh Thư"
Vụ kiện Elon Musk 'thao túng' Dogecoin đến hồi kết,https://vnexpress.net/vu-kien-elon-musk-thao-tung-dogecoin-den-hoi-ket-4816985.html,"Nhóm nhà đầu tư rút lại đơn kiện tố cáo Elon Musk đăng thông điệp lên Twitter/X để đẩy giá Dogecoin, trong khi tỷ phú Mỹ cũng có động thái tương tự.","Theo Reuters, một nhóm nhà đầu tư tiền số bị thiệt hại do liên quan đến Dogecoin đã rút đơn kháng cáo về phán quyết của tòa án ngày 29/8. Khi đó, Elon Musk và Tesla được thẩm phán Alvin Hellerstein của tòa án quận ở Manhattan (Mỹ) tuyên trắng án. Tỷ phú Mỹ Elon Musk tại New York ngày 27/10. Ảnh: AP Bên cạnh đó, nhóm cũng rút lại yêu cầu trừng phạt các luật sư của Musk với lý do ""can thiệp vào quá trình kháng cáo"". Phía Musk và Tesla cũng thu hồi đơn kiện ngược nhóm tố cáo ông. Trong đơn gửi lên tòa trước đó, tỷ phú cho biết mình bị buộc phải theo đuổi một vụ kiện ""phù phiếm"" với các lập luận luôn thay đổi để tống tiền ông ""một cách nhanh chóng"". Ngoài ra, điều khoản bác bỏ kháng cáo đã được cả hai bên thống nhất và đệ trình lên tòa án quận ở Manhattan cuối ngày 15/11, tuy nhiên vẫn phải đợi thẩm phán Hellerstein chấp thuận. Musk, Tesla và nhóm khởi kiện chưa đưa ra bình luận. Theo Reuters, đây có thể xem là bước cuối cùng để kết thúc vụ kiện đã diễn ra một năm rưỡi qua. Cuối tháng 5/2023, một nhóm nhà đầu tư khởi kiện Musk với lý do tỷ phú Mỹ sử dụng tầm ảnh hưởng của mình để gây biến động giá Dogecoin, khiến họ thua lỗ và đòi bồi thường 258 tỷ USD. Nhóm này nói Musk đã đăng nhiều bài trên Twitter, trả tiền cho những người có ảnh hưởng, tham gia chương trình truyền hình Saturday Night Live của NBC, cũng như thực hiện ""những trò nguy hiểm công khai"" khác nhằm tác động đến giá của meme coin Dogecoin để kiếm lời. Dogecoin là tiền số được Billy Markus và Jackson Palmer tạo ra như một trò đùa để phê phán cơn sốt Bitcoin năm 2013, lấy ý tưởng từ meme Doge, hình chó Shiba với khuôn mặt ngơ ngác. Đồng này dựa trên Litecoin, có tốc độ đào nhanh so với các tiền số khác và không bị giới hạn như Bitcoin. Trong lịch sử phát triển Dogecoin, Musk là một trong những nhân tố không thể thiếu vì nhiều lần công khai ủng hộ đồng này. Sau mỗi tweet của ông, Dogecoin luôn tăng từ hàng chục đến hàng trăm lần. Gần nhất, khi Elon Musk được Donald Trump chọn làm lãnh đạo Ban Hiệu suất Chính phủ với tên viết tắt là DOGE, giá tiền số Dogecoin cũng tăng vọt. Bảo Lâm"
Lượt tìm kiếm Bitcoin trên Google gấp 10 lần so với USD,https://vnexpress.net/luot-tim-kiem-bitcoin-tren-google-gap-10-lan-so-voi-usd-4816184.html,Bitcoin tăng giá mạnh những tuần qua khiến lượt tìm kiếm về tiền số này trên Google cao đột biến.,"Theo dữ liệu từ Google, số lượt tra cứu nội dung liên quan đến từ khóa ""Bitcoin"" nhiều gấp 10 lần so với những vấn đề liên quan đến từ khóa ""US Dollar"". Việc tìm kiếm tăng mạnh nhất từ sau ngày 5/11, khi cuộc bầu cử Tổng thống Mỹ diễn ra. Tiền số này hiện đạt mức kỷ lục 93.000 USD mỗi đồng. Dữ liệu của Google Analytics cho thấy lượt tìm kiếm về Bitcoin gấp nhiều lần so với đồng USD. Cụ thể, số lượt nhập từ khóa ""Bitcoin"" trên Google và các công cụ tìm kiếm phổ biến khác dao động từ một triệu đến 10 triệu trong 30 ngày qua, trong khi ""US Dollar"" nằm trong khoảng từ 100.000 đến một triệu. ""Việc ông Trump chấp nhận tiền mã hóa đang thu hút các nhà đầu tư, những người kỳ vọng chính quyền mới sẽ thân thiện với tiền mã hóa hơn"", Cryptotimes bình luận. Đồng xu biểu tượng Bitcoin trước biểu đồ diễn biến giá. Ảnh: Khương Nha Từng xem tiền số là ""lừa đảo"", ông Trump trong thời gian tranh cử đã bất ngờ ủng hộ loại tiền này, tự tuyên bố sẽ là ""tổng thống tiền số"" hay thậm chí muốn những Bitcoin còn lại sẽ được tạo ra tại Mỹ. Giới chuyên gia đánh giá, bốn năm tới có thể ""rất thuận lợi"" cho lĩnh vực tiền số khi Trump đắc cử Tổng thống, dù có thể vẫn gặp rào cản pháp lý. Bảo Lâm"
Tiền số trò đùa Dogecoin và mối quan hệ 'tàu lượn' với Elon Musk,https://vnexpress.net/tien-so-tro-dua-dogecoin-va-moi-quan-he-tau-luon-voi-elon-musk-4815829.html,"Sau khi Elon Musk được Donald Trump chọn làm lãnh đạo Ban Hiệu suất Chính phủ (DOGE), giá tiền số Dogecoin tăng vọt.","Theo Coinmarketcap, tiền số Dogecoin (Doge) có giá 0,11-0,14 USD trong nhiều tháng trước bầu cử Mỹ nhưng lập tức tăng gấp đôi sau khi ông Trump đắc cử, đạt mốc 0,3 USD ngày 12/11. Hai ngày sau, đồng meme coin, còn gọi là tiền số ""trò đùa"", này tiếp tục tăng lên mức cao nhất 0,4 USD khi tỷ phú Elon Musk trở thành người đứng đầu Ban Hiệu suất Chính phủ, viết tắt tương tự là DOGE. Tiền số Dogecoin đạt đỉnh sau khi Elon Musk được bổ nhiệm vào Ban Hiệu suất Chính phủ (DOGE). Ảnh: Coinmarketcap Dogecoin là tiền số được tạo ra như một trò đùa bởi chuyên gia Billy Markus và Jackson Palmer nhằm phê phán cơn sốt Bitcoin từ năm 2013. Nó lấy ý tưởng từ ảnh chế Doge với hình chó Shiba có khuôn mặt ngơ ngác. Đồng này dựa trên Litecoin, có tốc độ đào nhanh so với các tiền số khác và không bị giới hạn như Bitcoin. Elon Musk, một trong những đồng minh thân cận nhất của ông Trump, nổi tiếng ủng hộ Dogecoin. Ông nhiều lần đăng các thông tin liên quan khiến người chơi Dogecoin như 'đi tàu lượn' vì giá liên tục trồi sụt. Năm 2021, tỷ phú vào vai một nhân vật trong chương trình truyền hình Saturday Night Live với biệt danh Dogefather. Tuy nhiên, khi được hỏi Dogecoin có phải là trò đùa, ông đáp: ""Đúng, nó là một trò đùa"" và tiền số lập tức giảm gần 40%. Cùng năm, tỷ phú Mỹ tạo cuộc thăm dò trên Twitter rằng có nên chấp nhận mua xe Tesla bằng Dogecoin hay không, đẩy giá tiền số lên hàng chục phần trăm. Ông tuyên bố không bán Dogecoin, cũng như đang làm việc với nhà phát triển để ""cải thiện hiệu quả hệ thống giao dịch"". Giá meme coin lập tức tăng 15% và vượt 0,5 USD mỗi đồng. Tháng 4/2023, ông chuyển logo Twitter sang hình chó Doge khiến giá tiền số vọt lên hơn 20%. Ba ngày sau, ông quay về biểu tượng chim xanh của mạng xã hội, Doge lập tức giảm 10% từ 0,105 xuống 0,079 USD mỗi đồng. Trong nhiều bài đăng khác trên mạng xã hội, CEO Tesla nhiều lần nói rất thích tiền số này vì ""rất hài hước và có hình ảnh chó"". Tuy nhiên, tỷ phú Mỹ cũng gây tranh cãi, một số cho rằng ông liên tục nhắc đến Dogecoin như là chiến thuật tạo sự chú ý, khiến cộng đồng sùng bái ông. Đầu năm ngoái, Musk bị một nhóm nhà đầu tư khởi kiện, cáo buộc ông sử dụng tầm ảnh hưởng của mình trên Twitter để gây biến động giá Dogecoin, làm cho họ thua lỗ hàng tỷ USD. Nhóm nói Musk cố tình thổi giá meme coin lên 36.000% trong hai năm, sau đó để nó rơi tự do. Giữa tháng 8, Elon Musk được tòa tuyên trắng án với lý do các bài viết đăng trên Twitter/X ""chỉ thể hiện sự khoa trương"". Thẩm phán cho rằng việc nguyên đơn dựa vào thông điệp trên mạng xã hội để đầu tư nhưng sau đó khiếu nại người đăng vì thao túng thị trường là điều ""không thể hiểu"". Elon Musk và biểu tượng của Dogecoin. Ảnh: Fox Business Không riêng Dogecoin, tiền số nói chung đều đang có giá cao hơn sau khi nước Mỹ chọn được Tổng thống thứ 47. Bitcoin ngày 14/11 cũng đạt mức cao nhất là trên 93.000 USD sau khi khởi đầu năm với giá dưới 43.000 USD. Theo AP, sự phấn khích của thị trường là do Tổng thống đắc cử công khai ủng hộ tiền số. Từng nhận xét tiền số ""lừa đảo"", nhưng trong giai đoạn tranh cử, Donald Trump bất ngờ tuyên bố sẽ trở thành ""tổng thống tiền số"", thậm chí muốn những đồng Bitcoin còn lại sẽ được khai thác tại Mỹ. Theo giới chuyên gia, ông có thể sẽ nâng tầm lĩnh vực này. ""Chiến thắng thứ hai của Donald Trump vào Nhà Trắng là thời khắc quyết định đối với ngành công nghiệp tiền số, không chỉ ở Mỹ mà còn trên toàn cầu"", Boris Bohrer-Bilowitzki, CEO công ty blockchain Concordium tại Anh, nói với CoinTelegraph ngày 11/11. Bohrer-Bilowitzki cũng nhận định thị trường tiền số sẽ phản ứng tích cực, ít nhất đến khi ông Trump nhậm chức đầu năm sau. ""Giới tiền số kỳ vọng tổng thống mới có lập trường nhẹ nhàng hơn trong việc quản lý, đảm bảo chính sách không làm chậm hoặc kìm hãm sự phát triển lĩnh vực này"". Hoài Anh"
Tiền số sẽ thế nào khi ông Trump làm Tổng thống?,https://vnexpress.net/tien-so-se-the-nao-khi-ong-trump-lam-tong-thong-4814492.html,"Giới chuyên gia đánh giá bốn năm tới có thể ""rất thuận lợi"" cho lĩnh vực tiền số khi Donald Trump đắc cử Tổng thống, dù có thể vẫn gặp rào cản pháp lý.","""Tôi tin rằng chiến thắng thứ hai của Donald Trump vào Nhà Trắng là thời khắc quyết định đối với ngành công nghiệp tiền số, không chỉ ở Mỹ mà còn trên toàn cầu"", Boris Bohrer-Bilowitzki, CEO của công ty blockchain Concordium có trụ sở ở Anh, nói với CoinTelegraph. Minh họa về ông Donald Trump. Ảnh: CoinTelegraph Từng xem tiền số là ""lừa đảo"", ông Trump trong thời gian tranh cử đã bất ngờ ủng hộ loại tiền này, tự tuyên bố sẽ là ""tổng thống tiền số"" hay thậm chí muốn những Bitcoin còn lại sẽ được tạo ra tại Mỹ sau khi ông lên làm Tổng thống. Theo giới chuyên gia, khi trở lại làm Tổng thống Mỹ ở nhiệm kỳ thứ hai, ông có thể sẽ nâng tầm lĩnh vực này. Thực tế, thị trường đã phản ứng tích cực khi ông Trump đắc cử Tổng thống Mỹ ngày 7/11. Le Shi, CEO Auros (Hong Kong) nói trên Bloomberg rằng bầu không khí hưng phấn từ chiến thắng của ông Trump sẽ chưa lắng xuống cho đến hết năm nay. ""Việc thị trường tiền mã hóa bùng nổ chỉ còn là vấn đề thời gian khi mọi người đều cho rằng Tổng thống Mỹ là người ủng hộ đồng tiền này"", ông nhận định. Đồng quan điểm, Bohrer-Bilowitzki cho rằng thị trường tiền số sẽ phản ứng tích cực, ít nhất cho đến khi ông Trump nhậm chức vào đầu năm sau. ""Giới tiền số đang kỳ vọng ông Trump sẽ có lập trường nhẹ nhàng hơn trong việc quản lý, đảm bảo các chính sách không làm chậm hoặc kìm hãm sự phát triển của lĩnh vực này"", Bohrer-Bilowitzki nhận xét. Cũng theo Bohrer-Bilowitzki, cấu trúc thị trường tài sản kỹ thuật số và có thể là cả luật thanh toán stablecoin sẽ được thực hiện thời gian tới. Đảng Cộng hòa đã nắm giữ đa số tại Thượng viện và nhiều khả năng là cả Hạ viện. Điều này giúp ông Trump có thể bổ nhiệm một chủ tịch Ủy ban Chứng khoán và Giao dịch Mỹ (SEC) thân thiện với tiền số hơn thay cho Gary Gensler, người hiện được đánh giá là ""ghét"" loại tiền này. ""Bốn đến sáu năm tới có thể là khoảng thời gian cực kỳ thuận lợi cho lĩnh vực tài sản kỹ thuật số"", Chiente Hsu, đồng sáng lập công ty công nghệ AlexGo, nhận xét. ""Lúc này, thị trường sẽ chứng kiến sự bùng nổ của các quỹ ETF, các sản phẩm phái sinh blockchain trong khi các vụ kiện tụng giảm"". Tuy nhiên, vẫn có những mặt trái tiềm ẩn. Timothy Massad, cựu chủ tịch Ủy ban Giao dịch Hàng hóa Tương lai Mỹ, hiện là nghiên cứu viên tại trường Kennedy School of Government thuộc Đại học Harvard, đã đặt câu hỏi: ""Liệu chính quyền Trump sẽ tạo các quy tắc và chính sách khuyến khích công nghệ theo hướng đổi mới hữu ích hay sẽ làm theo cách khác?"". Theo Massad, không loại trừ khả năng chính phủ mới ""thiết lập các quy tắc đẩy giá token lên cao, làm giàu cho những người sáng lập và bỏ mặc những nhà đầu tư bán lẻ ngây thơ phải gánh chịu hậu quả"". Đây được xem là vấn nạn trong giới tiền số thời gian qua, khi các dự án chủ yếu tạo token để bán thay vì tập trung vào các công nghệ có ích để ứng dụng thực tế. ""Tổng thống đắc cử không mấy quan tâm đến các chi tiết chính sách. Ông ấy thậm chí có thể thay đổi suy nghĩ về tiền số"", Massad suy đoán. Cũng theo Massad, việc Trump có sa thải Gensler vào ngày đầu tiên như ông từng khẳng định hay không vẫn là dấu hỏi. Đây là việc làm không dễ dàng, vì SEC là một cơ quan chính phủ độc lập, người đứng đầu chỉ bị cách chức nếu làm việc thiếu hiệu quả, sao nhãng nhiệm vụ hoặc tham nhũng trong khi tại nhiệm. Nếu Gensler rời ghế, Hester Pierce hoặc Mark Uyeda nhiều khả năng sẽ lên thay. Ngoài ra, thách thức còn đến từ chính đảng Cộng hòa của ông Trump. ""Các chính trị gia Cộng hòa bảo thủ vẫn hoài nghi về tiền số và coi đó là mối đe dọa đối với các tổ chức tài chính truyền thống"", Bohrer-Bilowitzki nhận định. Giáo sư Carol Alexander, người hiện công tác tại Đại học Sussex của Anh, cho rằng Mỹ sẽ tiếp tục là quốc gia có ảnh hưởng quan trọng nhất đến giao dịch tiền số. Dù vậy, bà cho rằng chính quyền mới có thể ít quan tâm hơn so với chính phủ tiền nhiệm trong việc bảo vệ các nhà đầu tư nhỏ - một vấn đề gây lo ngại. ""Các quy định đang có có thể không được thực hiện"", theo bà Alexander. ""Rủi ro sẽ là rất lớn khi SEC ngừng thực hiện các hành động dân sự chống lại các sàn giao dịch không được quản lý"". Bảo Lâm"
Nhà sáng lập Binance CZ lần đầu xuất hiện sau khi ra tù,https://vnexpress.net/nha-sang-lap-binance-cz-lan-dau-xuat-hien-sau-khi-ra-tu-4810841.html,Nhà sáng lập Binance Changpeng Zhao (CZ) xuất hiện tại sự kiện của công ty với tư cách cá nhân và chia sẻ về câu chuyện khi ở tù.,"Sự tham gia của ông tại Tuần lễ Blockchain Binance - BBW ở Dubai ngày 31/10 thu hút sự chú ý, vì đây là lần đầu cựu CEO của sàn tiền số lớn nhất thế giới xuất hiện công khai kể từ khi ra tù cuối tháng 9. Trong sáu năm sự kiện được tổ chức, CZ cũng lần đầu có mặt mà không còn là người điều hành Binance. Ông mặc áo in logo của Giggle Academy, một startup về giáo dục thành lập hồi tháng 4 giữa lúc chờ kết án. Bức hình CZ (trái) chụp cùng nhân vật trong ảnh meme nổi tiếng Hide the Pain Harold tại BBW 2024. Ảnh: X/CZ Trên mạng xã hội tối 31/10, nhiều hình ảnh về cựu CEO Binance cùng các khách tham dự được chia sẻ, trong đó có ảnh ông lộ thân hình được đánh giá ""cơ bắp"" hơn. CZ sau đó chia sẻ lại ảnh và cho biết ông có thể chống đẩy 300 lần trong 30 phút. Ngoài ra, ông cũng đề cập đến quá trình ở tù và mối quan hệ hiện tại với Binance. Khi điều hành sàn tiền số lớn nhất thế giới, CZ bị cáo buộc không tuân thủ luật chống rửa tiền, bị kết án bốn tháng tù cùng khoản phạt 50 triệu USD. Ông bắt đầu thụ án vào tháng 6 và ra tù ngày 28/9. Binance cũng phải nộp 4,3 tỷ USD - số tiền lớn nhất trong lịch sử các vụ án liên quan đến tài chính ở Mỹ. Được mệnh danh tù nhân giàu nhất thế giới, nhiều bên lo ngại ông có thể gặp nguy hiểm trong tù, nhưng ông cho biết mình ""rất thoải mái vì ít việc phải làm"" và có nhiều người bạn hiện vẫn giữ liên lạc, ""Một số bảo vệ nhận ra tôi và hỏi tôi nên mua loại tiền số nào"", Zhao kể. Ông cũng nói đùa khi ở trong tù, ông ""nghèo nhất"" vì chỉ có 200 USD để vào căng-tin. ""Tôi có nhiều thời gian để suy ngẫm và học được nhiều bài học quan trọng, giúp tôi sắp xếp lại các ưu tiên trong cuộc sống của mình"", ông cho hay. Khi được hỏi về bản án, CZ nói điều khoản nhận tội buộc ông không được chia sẻ nhiều về chúng, nhưng cho biết chưa ai từng phải vào tù vì hành vi tương tự. Ông cũng thừa nhận ""may mắn"" khi chỉ phải chịu án bốn tháng, thay vì hàng năm như nhiều tù nhân liên quan đến tài chính. Sự xuất hiện của CZ cũng gián tiếp phủ nhận tin đồn ông bị cấm hoạt động trong lĩnh vực tiền số. Ông cho biết không thể tham gia vào hoạt động hàng ngày của Binance, nhưng quyền lợi cổ đông không bị ảnh hưởng. Ngoài ra, ông đang tận dụng thời gian này để khám phá sở thích mới, đặc biệt là AI, đồng thời trở thành cố vấn trong lĩnh vực tiền số. Thay cho CZ tại sự kiện của Binance là CEO Richard Teng và Yi He, người đồng sáng lập khác của Binance. Theo Yi He, sự liên quan ngày càng sâu của tiền số trong thế giới tài chính truyền thống mang đến thách thức cho những công ty như Binance khi muốn hoạt động tại nhiều quốc gia, với những cách quản lý đa dạng. ""Nếu muốn có một tỷ người dùng, chúng tôi phải hợp tác với các cơ quan quản lý. Đó là cách chúng tôi trở thành Google hoặc Amazon tiếp theo của tiền số"", bà nói. Lưu Quý"
Bitcoin - từ thử nghiệm đến tài sản nghìn tỷ USD,https://vnexpress.net/bitcoin-tu-thu-nghiem-den-tai-san-nghin-ty-usd-4810836.html,"Ra đời ngày 31/10/2008, sau 16 năm, Bitcoin phát triển từ một loại hình tài chính mơ hồ thành tài sản có vốn hóa thứ 10 thế giới.","Cách đây 16 năm, ""cha đẻ"" Bitcoin Satoshi Nakamoto chia sẻ bản Sách trắng với tiêu đề Bitcoin: Hệ thống tiền điện tử ngang hàng kèm danh sách gửi thư dưới dạng mật mã, đề xuất một mạng lưới ngang hàng và phi tập trung. Theo hình dung của Nakamoto, các nút trong mạng ngang hàng Bitcoin đóng vai trò xác minh giao dịch thông qua mật mã và ghi lại chúng trong sổ cái phân tán công khai, không bị giám sát tập trung và được gọi là blockchain. Sự đồng thuận giữa các nút (node) đạt được bằng cách sử dụng một quy trình tính toán chuyên sâu dựa trên bằng chứng công việc (PoW), gọi là khai thác (mining). Người khai thác sẽ nhận được phần thưởng khối (block) là Bitcoin, nhưng số lượng sẽ giảm một nửa sau mỗi đợt halving. Sách trắng Bitcoin được giới thiệu ngày 31/10/2008. Ảnh: Bitcoin.org Ba tháng sau, vào ngày 3/1/2009, Nakamoto khai thác khối đầu tiên của Bitcoin, với tên gọi là khối Genesis và nhận phần thưởng 50 Bitcoin - mốc thời gian khởi động cho mạng lưới tiền mã hóa lớn nhất thế giới hiện nay. Đến ngày 22/5/2010, giao dịch Bitcoin thương mại đầu tiên diễn ra khi lập trình viên Laszlo Hanyecz đã mua hai chiếc pizza Papa John's với giá 10.000 Bicoin, sau được gọi là Pizza Bitcoin Day. Hiện số Bitcoin này tương đương 700 triệu USD. Giá trị Bitcoin tăng mạnh chủ yếu sau năm 2020 khi các công ty lớn bắt đầu mua tiền số này. Tháng 2/2021, vốn hóa thị trường của Bitcoin lần đầu đạt 1.000 tỷ USD. Bitcoin đứng thứ 10 về giá trị vốn hóa toàn cầu. Nguồn: CompaniesMarketCap Bitcoin hiện đạt giá trị thị trường hơn 1.420 tỷ USD, trở thành tài sản lớn thứ 10 toàn cầu, theo thống kê của CompaniesMarketCap. Trong ngày kỷ niệm ra mắt sách trắng, giá Bitcoin tăng lên 73.600 USD, cao nhất trong bảy tháng qua và chỉ cách 200 USD so với mức cao nhất mọi thời - điều mà một số nhà phân tích dự đoán sẽ xảy ra sau cuộc bầu cử tổng thống Mỹ. ""Vàng kỹ thuật số"" Theo Mithil Thakore, nhà đồng sáng lập kiêm CEO Velar - công ty blockchain hoạt động trong lĩnh vực tài chính phi tập trung (DeFi) ở Dubai (UAE), sự phát triển của Bitcoin trong gần hai thập kỷ đã được thúc đẩy bởi niềm tin từ giới đầu tư và sự chấp nhận của nhiều tổ chức khi xem loại tiền số này là nơi lưu trữ giá trị. ""Bitcoin đã đi từ một thử nghiệm kỹ thuật số dạng ngách thành loại tài sản toàn cầu, có khả năng cạnh tranh với các loại hình lưu trữ giá trị truyền thống như vàng"", Thakore nói với CoinTelegraph. ""Nhưng không như vàng phải mất hàng nghìn năm để khẳng định, tiền số này thu hút sự chú ý của các tổ chức, kích thích các cuộc tranh luận pháp lý và thúc đẩy xu hướng tài chính phi tập trung toàn cầu chỉ trong 16 năm"". Những cá nhân và tổ chức nắm nhiều Bitcoin nhất thế giới. Nguồn: EdmondsonShaun/X Theo Thakore, sự trưởng thành của Bitcoin thể hiện qua việc gia tăng nắm giữ dài hạn của các tổ chức, cá nhân, sự tích hợp sâu hơn với thị trường tài chính truyền thống. Ngoài ""cha đẻ"" Bitcoin Satoshi Nakamoto, các công ty Binance, BlackRock, GrayScale hay Microstrategy đều nắm giữ hơn 250.000 Bitcoin. Các quỹ ETF gần đây cũng nắm gần một triệu Bitcoin. ""ETF Bitcoin ngày càng thu hút sự chú ý, nhấn mạnh sự chuyển đổi của Bitcoin từ một loại tiền kỹ thuật số thành một tài sản tài chính lớn"", một chuyên gia bình luận. Tại sự kiện Plan B Lugano ở Thụy Sĩ ngày 24/10, Paolo Ardoino, CEO Tether, công ty phát hành stablecoin lớn nhất thế giới, nhận định Bitcoin đã phát triển từ một phương án tài chính thử nghiệm trở thành một trong những ""lựa chọn tối ưu cho tự do tài chính"" trong bối cảnh kinh tế bất ổn. Minh họa sinh nhật Bitcoin. Ảnh: CoinTelegraph Một số quốc gia đã chấp nhận Bitcoin, như El Salvador coi là tiền tệ hợp pháp, còn Bhutan cũng được cho là đang âm thầm khai thác Bitcoin. Dù vậy, nhiều học giả xem Bitcoin và tiền số nói chung là bong bóng kinh tế hoặc nghi chúng là mô hình ponzi trá hình. Nhiều quốc gia đã cấm tiền số này như Algérie, Ai Cập, Trung Quốc... còn số khác đang dần hoàn thiện khung pháp lý để kiểm soát. Ngoài ra, hoạt động khai thác tiền số cũng bị chỉ trích vì gây ảnh hưởng xấu đến môi trường. Bảo Lâm"
Mỹ điều tra stablecoin lớn nhất thế giới,https://vnexpress.net/my-dieu-tra-stablecoin-lon-nhat-the-gioi-4808870.html,"Tether, công ty đứng sau stablecoin Tether (USDT), được cho là bị Bộ Tư pháp Mỹ điều tra hình sự vì vi phạm quy định chống rửa tiền.","WSJ trích dẫn nguồn tin trong chính phủ Mỹ ngày 25/10 cho biết, các công tố viên tại văn phòng luật sư ở Manhattan sẽ chịu trách nhiệm điều tra Tether, trong đó xem xét liệu stablecoin USDT có được bên thứ ba sử dụng để tài trợ cho hoạt động bất hợp pháp như buôn bán ma túy, khủng bố, tin tặc, rửa tiền hay không. Một nguồn tin cho biết Bộ Tư pháp Mỹ thực tế đã bắt đầu điều tra Tether cách đây vài năm. Ban đầu, mục đích là để xem liệu một số người ủng hộ Tether có phạm tội gian lận bằng cách sử dụng tài liệu giả mạo để truy cập vào hệ thống ngân hàng toàn cầu hay không. Cũng theo các nguồn tin, Bộ Tài chính Mỹ cũng cân nhắc trừng phạt Tether do tiền số này được sử dụng rộng rãi bởi các cá nhân và nhóm bị Mỹ đưa vào danh sách đen. Lệnh trừng phạt đối với Tether có thể là cấm người Mỹ kinh doanh với công ty này. Trên X ngày 26/10, CEO Tether Paolo Ardoino nói ""không có dấu hiệu cho thấy Tether đang bị điều tra"" nhưng không bình luận thêm. Bộ Tư pháp Mỹ và Bộ Tài chính Mỹ từ chối bình luận. Biểu tượng tiền số Tether trên smartphone. Ảnh: Reuters Ngay sau thông tin Tether bị điều tra, thị trường tiền số lập tức chao đảo. Theo ghi nhận của CoinDesk, giá Bitcoin giảm từ 68.800 xuống còn 65.000 USD trước khi hồi phục nhẹ lên 66.000 USD, còn thị trường chung chìm trong sắc đỏ. USDT là một trong các stablecoin hàng đầu. Stablecoin là tiền số được phát triển trên blockchain và có vai trò ổn định giá, được neo cố định theo giá trị của tiền pháp định, như USD hoặc Euro. Trên lý thuyết, một đồng stablecoin sẽ có giá tương đương một USD (tỷ lệ quy đổi 1:1), bất kể các loại tiền số khác trồi sụt như thế nào. Loại tiền này trở thành yếu tố quan trọng với hệ sinh thái tiền điện tử, giúp người dùng dễ dàng giao dịch. Khác với một số stablecoin khác, Tether đảm bảo cho đồng USDT bằng tài sản thật. Công ty từng cho biết cách làm này giúp đồng tiền không gây rủi ro, điều đã xảy ra với Terraform Labs của Do Kwon, khi stablecoin UST chỉ được đảm bảo việc giữ giá 1:1 với một token khác là Luna. Khi Luna ""sập"", UST cũng sụp đổ. Nhưng việc Tether hiện nắm giữ lượng dự trữ vượt 120 tỷ USD trong các tổ chức ngân hàng truyền thống khiến giới chuyên gia cho rằng ""bất cứ điều gì xảy ra với Tether cũng sẽ ảnh hưởng đến các tổ chức ngân hàng khác"". ""Tôi nghĩ rủi ro tập trung vào Tether rất lớn"", Rajeev Bamra, trưởng bộ phận chiến lược tài sản kỹ thuật số và DeFi tại Moody's Investor Service, nói với Reuters khi đề cập sự thống trị của Tether trong thế giới tiền số đầu năm nay. Bảo Lâm"
Hiệp hội Blockchain thúc đẩy thương hiệu Make in Việt Nam,https://vnexpress.net/hiep-hoi-blockchain-thuc-day-thuong-hieu-make-in-viet-nam-4808332.html,"VBA cam kết sẽ góp phần thúc đẩy cộng đồng đi theo hướng nghiên cứu, ứng dụng thực tiễn, khai thác lợi ích của công nghệ blockchain được thể hiện trong chiến lược quốc gia.","Ngày 22/10, Phó Thủ tướng Hồ Đức Phớc ký ban hành Chiến lược quốc gia về ứng dụng và phát triển công nghệ chuỗi khối Blockchain đến năm 2025, định hướng đến năm 2030. Việc ứng dụng và phát triển công nghệ Blockchain góp phần quan trọng xây dựng hạ tầng số tiên tiến, bảo đảm độ tin cậy và an toàn dữ liệu, góp phần tạo lập nền tảng phát triển công nghiệp công nghệ số. Để thực hiện mục tiêu, trong Chương trình hành động giai đoạn 2024-2030, Chính phủ đưa ra 5 hành động cụ thể, bao gồm: Hoàn thiện môi trường pháp lý; phát triển hạ tầng, hình thành hệ sinh thái công nghiệp blockchain; phát triển nguồn nhân lực cho lĩnh vực Blockchain; thúc đẩy phát triển và ứng dụng Blockchain; thúc đẩy nghiên cứu, đổi mới sáng tạo và hợp tác quốc tế. Trong đó, mỗi hoạt động được giao cụ thể cho các đơn vị, bộ ban ngành chủ trì và chịu trách nhiệm. Phó Thủ tướng Hồ Đức Phớc ký ban hành Chiến lược Blockchain Quốc gia ngày 22/10. Ảnh: Phạm Thắng Hiệp hội Blockchain Việt Nam (VBA) cùng các hội, hiệp hội nghề nghiệp, được giao chủ trì phát triển các nền tảng Blockchain Make in Việt Nam. Cụ thể là xây dựng các cơ chế vận hành, khai thác và tương tác, liên thông giữa các loại hình mạng blockchain hoạt động trên Hạ tầng blockchain Việt Nam. Bên cạnh đó, tập hợp các doanh nghiệp công nghệ số Việt Nam xây dựng các nền tảng blockchain, thúc đẩy chia sẻ thông tin, nâng cao nội lực cạnh tranh với các doanh nghiệp nước ngoài. Chia sẻ quan điểm về văn bản pháp lý mang tính chất định hướng cho sự phát triển của thị trường blockchain Việt Nam, ông Phan Đức Trung, Phó Chủ tịch Thường trực Hiệp hội Blockchain Việt Nam cho biết, Chiến lược Blockchain Quốc gia vừa được Thủ tướng chính ban hành là dấu mốc quan trọng trong lĩnh vực blockchain. ""Chiến lược thể hiện sự cam kết và hành động cụ thể của Chính phủ, sự quyết liệt của đơn vị soạn thảo là Bộ thông tin và Truyền thông cũng như nỗ lực của cộng đồng trong việc thúc đẩy nền kinh tế số minh bạch, an toàn và phát triển bền vững"", ông Phan Đức Trung nói. Đối với việc VBA được giao nhiệm vụ trong Chiến lược Blockchain Quốc gia, ông Trung chia sẻ, đây là sự ghi nhận những đóng góp của hiệp hội trong thời gian vừa qua với các cơ quan quản lý trong việc tập hợp ý kiến, đóng góp từ cộng đồng. ""Chúng tôi cam kết sẽ tích cực, chủ động thực hiện các nhiệm vụ được giao nhằm thúc đẩy sự phát triển cộng đồng đi theo hướng nghiên cứu, ứng dụng thực tiễn, khai thác tối đa những lợi ích của công nghệ blockchain được thể hiện trong chiến lược quốc gia"", ông Phan Đức Trung cho biết. Hiệp hội cũng tin tưởng rằng, việc phổ cập công nghệ blockchain toàn diện, tiếp cận đến toàn dân như mục tiêu của chiến lược sẽ đem lại hiệu quả rõ nét cho nền kinh tế số mà Chính phủ đã định hướng. Ông Phan Đức Trung, Phó Chủ tịch Thường trực VBA nhấn mạnh vai trò của cộng đồng và bày tỏ sự ủng hộ với Chiến lược Blockchain Quốc gia vừa được Chính phủ ban hành. Ảnh: VBA Tính đến thời điểm hiện tại, Chiến lược Blockchain Quốc gia là văn bản có tính pháp lý cao nhất, thể hiện mục tiêu và quyết tâm của Chính phủ trong việc thúc đẩy ứng dụng công nghệ blockchain, tận dụng ưu thế của công nghệ tiên tiến này nhằm tạo điều kiện hiện thực hóa các mục tiêu đề ra của nền kinh tế số, xã hội số. Trước đó, ngày 8/10, Ủy ban Thường vụ Quốc hội đã cho ý kiến về dự án Luật Công nghiệp công nghệ số do Bộ trưởng Bộ Thông tin và Truyền thông trình. Đây là lần đầu tiên Tài sản số được đưa vào văn bản luật với quy định cụ thể là loại tài sản vô hình, được pháp luật bảo hộ như quyền tài sản phù hợp với quy định pháp luật dân sự, sở hữu trí tuệ và pháp luật khác có liên quan. Việc luật hóa định nghĩa Tài sản số là một trong những hành động hiện thực cam kết của Chính phủ Việt Nam về phòng, chống rửa tiền, tài trợ khủng bố và tài trợ phổ biến vũ khí hủy diệt hàng loạt, với mục tiêu đưa Việt Nam ra khỏi danh sách xám của Lực lượng đặc nhiệm tài chính về chống rửa tiền (FATF) trước thời điểm tháng 5/2025. Các cam kết này được thể hiện trong Kế hoạch Hành động quốc gia. Ông Phan Đức Trung đại diện VBA (giữa) trong một phiên góp ý với Ủy ban Khoa học, Công nghệ và Môi trường của Quốc hội về các quy định về Tài sản số trong dự luật Công nghiệp công nghệ số. Ảnh: VBA Từ khi Việt Nam bị đưa vào danh sách xám của FATF hồi tháng 6/2023, Hiệp hội Blockchain Việt Nam (VBA) đã có nhiều góp quan trọng, tích cực thông qua nhiều hoạt động cụ thể như chuỗi 7 hội thảo góp ý xây dựng khung pháp lý tài sản ảo; hàng chục lượt đóng góp ý kiến trực tiếp hoặc gián tiếp bằng văn bản đến các cơ quan chịu trách nhiệm soạn thảo, thẩm tra... nhằm góp phần xây dựng khung pháp lý Tài sản số phù hợp với tình hình thực tiễn Việt Nam và tương đồng với thông lệ quốc tế. Thế Đan"
Việt Nam đặt mục tiêu trong nhóm dẫn đầu khu vực về blockchain,https://vnexpress.net/viet-nam-dat-muc-tieu-trong-nhom-dan-dau-khu-vuc-ve-blockchain-4807297.html,"Chiến lược quốc gia về ứng dụng và phát triển công nghệ chuỗi khối đặt mục tiêu đến 2030, Việt Nam thuộc nhóm nước dẫn đầu khu vực về blockchain.","Ngày 22/10, Phó Thủ tướng Hồ Đức Phớc ký quyết định ban hành Chiến lược quốc gia về ứng dụng và phát triển công nghệ chuỗi khối (blockchain) đến năm 2025, định hướng đến năm 2030. Theo đó, trong năm tới, Việt Nam sẽ thiết lập được nền tảng phát triển công nghệ chuỗi khối, bao gồm hình thành Hạ tầng chuỗi khối Việt Nam bảo đảm an ninh, an toàn thông tin; hỗ trợ khả năng tương tác, tích hợp và chia sẻ giữa các chuỗi khối; hỗ trợ công tác quản lý nhà nước về hoạt động ứng dụng và phát triển chuỗi khối. Việt Nam cũng sẽ thúc đẩy nghiên cứu, phát triển ứng dụng blockchain tại ba trung tâm đổi mới sáng tạo quốc gia; xây dựng và nâng cấp 10 cơ sở nghiên cứu và đào tạo nguồn nhân lực; đưa chuỗi khối vào khung chương trình đào tạo tại trường đại học, cao đẳng, dạy nghề, cơ sở nghiên cứu. Từ đó, hệ sinh thái ""Blockchain+"" sẽ được hình thành thông qua hoạt động ứng dụng trong các ngành, lĩnh vực như tài chính - ngân hàng, giao thông - vận tải, y tế, giáo dục và đào tạo, thương mại, logistic, bưu chính - chuyển phát, sản xuất công nghiệp, năng lượng, du lịch, nông nghiệp, cung cấp dịch vụ công và các lĩnh vực khác. Sự kiện Định vị Blockchain Việt, diễn ra tháng 5/2022, do VnExpress tổ chức. Trong khi đó, mục tiêu đến 2030, Việt Nam sẽ mở rộng Hạ tầng chuỗi khối quốc gia và nằm trong nhóm các nước dẫn đầu khu vực và trên thế giới về nghiên cứu, ứng dụng và phát triển blockchain. Giai đoạn này, Việt Nam cũng dự kiến xây dựng 20 thương hiệu blockchain uy tín về nền tảng, sản phẩm, dịch vụ trong khu vực; duy trì vận hành tối thiểu ba trung tâm hoặc đặc khu thử nghiệm về chuỗi khối tại các thành phố lớn; đồng thời có đại diện nằm trong bảng xếp hạng 10 cơ sở đào tạo và nghiên cứu chuỗi khối dẫn đầu khu vực châu Á. Để đạt những mục tiêu trên, Chiến lược đưa ra 5 hành động gồm: Hoàn thiện môi trường pháp lý; Phát triển hạ tầng, hình thành hệ sinh thái công nghiệp Blockchain; Phát triển nguồn nhân lực cho lĩnh vực Blockchain; Thúc đẩy phát triển và ứng dụng Blockchain; Thúc đẩy nghiên cứu, đổi mới sáng tạo và hợp tác quốc tế. Blockchain (chuỗi khối) là công nghệ lưu trữ và truyền tải thông tin bằng các khối được liên kết với nhau và mở rộng theo thời gian. Mỗi khối chứa thông tin về thời gian khởi tạo và liên kết với các khối trước đó. Nó được thiết kế để chống lại sự can thiệp dữ liệu bởi thông tin trong blockchain không thể bị thay đổi và chỉ được bổ sung khi có sự đồng thuận của tất cả các nút trong hệ thống. Ngay cả khi một phần của hệ thống blockchain sụp đổ, những máy tính và nút khác sẽ tiếp tục hoạt động để bảo vệ thông tin. Ứng dụng nổi tiếng nhất của blockchain là tài chính, tiền mã hóa, tuy nhiên công nghệ này cũng đang mang lại tiềm năng kinh tế lớn trong ngành giải trí, nông nghiệp, logistics, giáo dục, y tế, sản xuất... Minh Minh"
Động thái khác thường của Elon Musk với Bitcoin,https://vnexpress.net/dong-thai-khac-thuong-cua-elon-musk-voi-bitcoin-4804643.html,"Tesla chuyển toàn bộ 770 triệu USD Bitcoin vào các ví không xác định, làm dấy lên nghi vấn Elon Musk quyết định bán hết tiền số này.","Theo công ty chuyên theo dõi dữ liệu tiền số Arkham Intelligence, tài khoản liên quan đến Tesla đã chuyển hơn 11.500 Bitcoin sang một số ví không rõ chủ sở hữu. Hiện ví của công ty Elon Musk còn 6,65 USD - số tiền được đánh giá ""về cơ bản không còn gì"". Tỷ phú Mỹ Elon Musk trong cuộc mít tinh của ông Trump ở Pennsylvania ngày 5/10. Ảnh: AP Trước khi chuyển Bitcoin, Tesla là công ty đại chúng sở hữu lượng Bitcoin lớn thứ tư tại Mỹ, theo dữ liệu của BitcoinTreasuries. Ba công ty đứng đầu là hãng phần mềm MicroStrategy, Mara Holdings và Riot Platforms. Tesla chưa đưa ra bình luận. Tesla từng mua số Bitcoin tương đương 1,5 tỷ USD vào tháng 2/2021, sau đó có lúc giá trị tăng lên hơn 2,5 tỷ USD. Dù vậy, hãng xe điện đã bán 75% số Bitcoin vào năm 2022. Phần còn lại được Arkham Intelligence ước tính là 11.509 đồng, tương đương 770 triệu USD. Trước đây, Musk thường xuyên bày tỏ sự quan tâm đến tiền số. Năm 2021, ông tuyên bố Tesla sẽ sớm chấp nhận thanh toán bằng Bitcoin nhưng sau đó hủy bỏ với lý do ""lo ngại vấn đề môi trường"". Ông cũng từng ủng hộ Dogecoin, nhưng hiện không còn nhắc đến tiền số này. Bảo Lâm - Tuấn Hưng (theo CoinDesk)"
"Donald Trump ra tiền số mới, website quá tải",https://vnexpress.net/donald-trump-ra-tien-so-moi-website-qua-tai-4804732.html,"World Liberty Financial, tiền số do cựu tổng thống Mỹ Donald Trump đứng sau, không thể bán ra số token như dự kiến do website bị sập.","Dự án tiền số World Liberty Financial (WLF) của Donald Trump bắt đầu chào bán token WLFI ngày 15/10. Trước đó, nhà đồng sáng lập Zachary Folkman cho biết đã có hơn 100.000 người nằm trong danh sách chờ đầu tư. Tuy nhiên, sau khi mở bán, trang web liên tục rơi vào tình trạng quá tải, đôi lúc ngừng hoạt động, hiển thị nội dung ""Chúng tôi đang bảo trì"", dẫn đến số lượng bán ra hạn chế. Dữ liệu Etherscan cho thấy chỉ 4% trong số 100.000 người đăng ký mua được token. WLF sau đó công bố nền tảng bán được hơn 532 triệu token WLFI với giá 0,015 USD, chiếm 3% trong số 20 tỷ token của dự án, tức chưa tới 8 triệu USD. Trước đó, The Block dẫn các nguồn tin cho biết thông qua dự án, Trump muốn huy động 300 triệu USD trong đợt chào bán đầu tiên. Khi CNBC liên hệ, đại diện WLF không đưa ra bình luận. Ông Donald Trump phát biểu tại Oaks, bang Pennsylvania ngày 14/10. Ảnh: AP WLF do hai con trai của cựu tổng thống Mỹ là Donald Trump Jr. và Eric Trump cùng chuyên gia tiền số Folkman, với tham vọng trở thành một dạng ngân hàng thế hệ mới trong giới tiền điện tử, với các tính năng như gửi, cho vay và nhiều mô hình khác. Từ tháng 8, ông Trump và gia đình thường xuyên quảng bá dự án, gọi là The DeFiant Ones, cách chơi chữ của DeFi (tài chính phi tập trung). 20% token WLFI sẽ được phân bổ cho nhóm sáng lập, trong đó có gia đình Trump. Chi tiết về WLF chưa được công bố, gồm cả sách trắng. Trong một số phỏng vấn trước đây, Folkman cho biết điều kiện để mua token là nhà đầu tư có khối lượng tài sản ròng trên một triệu USD và có thu nhập ít nhất 200.000 USD/năm trong hai năm gần nhất. Tuy nhiên, không rõ dự án đã áp dụng chính sách này hay chưa. Việc ra mắt không suôn sẻ của WLF được đánh giá gây bất lợi cho ứng viên tổng thống Donald Trump, khi còn ba tuần nữa là đến ngày bầu cử Tổng thống Mỹ. Ông Trump từng phản đối tiền số. Khi còn là tổng thống, ông gọi đây là ""trò lừa đảo"" và ông không thích vì nó ""được tạo ra để cạnh tranh với USD"". Dù vậy, gần đây ông thay đổi quan điểm, tuyên bố trở thành ""tổng thống tiền số"" và muốn số Bitcoin còn lại sẽ được tạo ra ở Mỹ. Bảo Lâm"
FBI tạo tiền số bí mật để phá âm mưu thao túng thị trường,https://vnexpress.net/fbi-tao-tien-so-bi-mat-de-pha-am-muu-thao-tung-thi-truong-4803257.html,"FBI tạo ra một đồng tiền số trên nền tảng Ethereum nhằm theo dõi, phát hiện và buộc tội hàng chục người có âm mưu ""bơm xả"", lừa đảo.","Chính phủ Mỹ công bố kết quả điều tra của Cục Điều tra Liên bang (FBI) nhằm vào kế hoạch thao túng thị trường tiền số, trong đó tiết lộ cơ quan này đã tạo ra đồng NexFundAI ""với sự cộng tác của một số nhân chứng"". Nhờ đó, Ủy ban Chứng khoán Mỹ (SEC) đã cáo buộc 3 ""nhà tạo lập thị trường"" và 9 người tham gia vào âm mưu thổi giá một số đồng tiền số. Bộ Tư pháp Mỹ cũng buộc tội ""lừa đảo và thao túng"" nhằm vào 18 cá nhân và tổ chức trong thị trường tiền số. Các nghi phạm đã phát tán tin tức giả và thực hiện giao dịch liên quan đến token của họ nhằm tạo cảm giác thị trường đang hoạt động sôi nổi. Ba ""nhà tạo lập thị trường"" gồm ZMQuant, CLS Global và MyTrade được cho là đã áp dụng chiêu bơm xả với đồng NexFundAI mà không biết tiền số đó do FBI khởi tạo. Bơm xả (pump and dump) có nghĩa một số người sẽ mua lượng lớn tiền số từ một dự án có giá trị thấp, kết hợp tung tin tức để tạo tâm lý sợ bị bỏ lỡ (FOMO). Tâm lý này khiến nhiều người khác vội vã mua theo, từ đó kéo giá tiền số tăng vọt. Đến đạt ngưỡng nào đó, nhóm người mua ban đầu sẽ bán toàn bộ token đang nắm giữ, thu lời, đồng thời khiến giá token giảm mạnh. Những người mua sau sẽ trở thành nạn nhân vì đồng tiền mình sở hữu mất giá. Logo của NexFundAI và FBI. Ảnh: Ebizmba ""Kết quả điều tra đã giúp xây dựng cáo trạng nhằm vào lãnh đạo của bốn công ty tiền số và nhân viên dưới quyền. Họ bị cáo buộc thúc đẩy âm mưu giao dịch lừa đảo, chiếm hàng triệu USD của người tham gia"", Jodi Cohen, đặc vụ phụ trách văn phòng FBI tại Boston, cho hay. Phát ngôn viên FBI nói hoạt động giao dịch của NexFundAI rất hạn chế, nhưng không cung cấp thêm thông tin. Quyền chưởng lý Quận Massachusetts Joshua Levy cho biết giao dịch trên đồng tiền số này đã bị vô hiệu hóa. Bộ Tư pháp Mỹ thông báo đã tịch thu 25 triệu USD từ các giao dịch gian lận trên và sẽ trao trả cho những người tham gia. Điệp Anh (Theo The Verge)"
Sự 'nhập nhằng' của người có thể là cha đẻ Bitcoin,https://vnexpress.net/su-nhap-nhang-cua-nguoi-co-the-la-cha-de-bitcoin-4801938.html,"Peter Todd, nhà phát triển người Canada, nói mình là người tạo ra Bitcoin trong phim tài liệu của HBO, nhưng phủ nhận khi được phỏng vấn sau đó.","Trong phim tài liệu Money Electric: The Bitcoin Mystery (Tiền điện tử: Bí ẩn Bitcoin) vừa được chiếu trên HBO, đạo diễn Cullen Hoback, nhà làm phim từng được đề cử giải Emmy, đi đến kết luận Peter Todd là Satoshi Nakamoto - biệt danh của cha đẻ Bitcoin. Đạo diễn đã ghép nối các manh mối cũ và mới, sau đó đối chất với Peter Todd và Adam Back - nhà sáng lập Blockstream và cũng là một trong những người được nghi ngờ là Satoshi. ""Có vẻ anh đã có hiểu biết sâu sắc về Bitcoin khi đó, đúng không?"", Hoback hỏi Todd trong phần kết phim. ""Vâng, đúng vậy, tôi là Satoshi Nakamoto"", Todd trả lời. Peter Todd. Ảnh: HBO Tuy nhiên, theo Politico, lời thừa nhận chưa đủ thuyết phục để khẳng định Todd chính là người tạo ra Bitcoin. Trước đây, nhà phát triển người Canada cũng từng một số lần dẫn câu nói ""Tôi là Satoshi"" như một cách để bảo vệ quyền riêng tư của cha đẻ Bitcoin. Tuyên bố của Todd cũng không đồng nhất. Vài tiếng trước khi Money Electric: The Bitcoin Mystery công chiếu, ông phủ nhận mình là Satoshi dù xác nhận đã được phỏng vấn. ""Tất nhiên, tôi không phải Satoshi"", ông nói với CoinDesk thông qua email. ""Hoback đang cố bám víu vào sợi rơm"". Trả lời Washington Post sau khi phim công chiếu, Todd cho rằng nên dừng cuộc truy tìm danh tính nhà sáng lập ra tiền mã hóa. ""Câu hỏi ai đứng sau Bitcoin không chỉ ngớ ngẩn mà còn nguy hiểm"", Todd nói. ""Rõ ràng Satoshi không muốn bị phát hiện vì những lý do chính đáng, và không ai nên giúp những người cố tìm Satoshi"". Satoshi Nakamoto được cho là nắm giữ khoảng 1,1 triệu Bitcoin, tương đương 66 tỷ USD. Với khối tài sản khổng lồ như vậy, người được xác định là Satoshi có thể trở thành mục tiêu của tội phạm, như bị cướp hoặc bắt cóc, theo Todd. Bitcoin là tiền số phổ biến nhất thế giới, ra đời năm 2008. Ngoài những tranh cãi về giá trị hay tính pháp lý, cha đẻ của đồng này cũng là tâm điểm của rất nhiều cuộc thảo luận. Trước đó, hầu hết nghi vấn hướng đến Dorian S. Nakamoto và Hal Finney. Theo CoinTelegraph, việc biết ai tạo Bitcoin có thể khiến thị trường tiền số đảo lộn, nhất là khi người đó còn sống. Sau khi bộ phim của HBO công chiếu, giá tiền số này không biến động đáng kể, hiện ở mức 62.320 USD, giảm 0,38% so với cách đây một ngày. Giới chuyên gia đánh giá, nếu Todd được cộng đồng chấp nhận rộng rãi là người tạo ra Bitcoin, việc này sẽ chấm dứt hơn một thập kỷ đồn đoán về danh tính của một trong những người bí ẩn nhất thế giới công nghệ. Thực tế, đạo diễn Cullen Hoback cũng không hoàn toàn chắc chắn Todd đứng sau Bitcoin. ""Chúng tôi đang đưa ra một lập luận rất mạnh mẽ"", Hoback nói với Washington Post. ""Và cuối cùng, tôi muốn khán giả tự rút ra kết luận sau khi xem phim"". Todd, 39 tuổi, không phải là tên tuổi xa lạ trong giới tài chính phi tập trung. Ông tốt nghiệp trường Cao đẳng Nghệ thuật và Thiết kế Ontario ở Toronto, cho biết lần đầu tiếp xúc với nội dung liên quan đến tiền điện tử vào năm 15 tuổi, thông qua việc giao lưu với những người có ảnh hưởng trong cộng đồng cypherpunks. Là nhà phát triển cốt lõi trong mạng Bitcoin lâu năm, tức Bitcoin Core, Todd từng công khai các đoạn trao đổi với Satoshi qua email trước khi người này biến mất khỏi các diễn đàn tiền điện tử vào năm 2010. ""Ông ấy là một trong những người phát triển Bitcoin quan trọng nhất nếu xét về góc độ kỹ thuật"", Nic Carter, nhà sáng lập Castle Island Ventures, nói với Politico. Carter cho biết ông đã quen Todd từ năm 2017. ""Nhưng theo tôi, ông ấy không phải Satoshi"". Jameson Lopp, nhà đồng sáng lập công ty Bitcoin Casa, có quan điểm tương tự trên X: ""Rất có thể Satoshi đang ở đâu đó và cười nhạo chúng ta"". Bảo Lâm - Lưu Quý"
Rò rỉ thông tin về 'cha đẻ' Bitcoin,https://vnexpress.net/ro-ri-thong-tin-ve-cha-de-bitcoin-4801836.html,"Theo đoạn video lộ từ bộ phim sắp chiếu của HBO, người tạo ra Bitcoin là nhà phát triển người Mỹ Peter Todd.","Trên X, tài khoản BlockCitizen ngày 8/10 chia sẻ một đoạn trong phim tài liệu Money Electric: The Bitcoin Mystery (Tiền điện tử: Bí ẩn Bitcoin), dự kiến công chiếu hôm nay, cho thấy Peter Todd là Satoshi Nakamoto, biệt danh của cha đẻ Bitcoin. Nhà phát triển Peter Todd (bên trái) trong đoạn phim rò rỉ. Ảnh: X/BlockCitizen Được đạo diễn bởi Cullen Hoback, người từng được đề cử giải Emmy, Money Electric: The Bitcoin Mystery có nội dung xoay quanh sự bí ẩn của người đứng sau Bitcoin. Todd cũng là một Bitcoin Core, từ dùng để chỉ các thành viên nòng cốt tham gia phát triển đồng tiền số lớn nhất thế giới. Ông cũng là nhà sáng lập OpenTimestamps và có uy tín trong lĩnh vực tiền mã hóa. Sau khi đoạn phim xuất hiện, Todd nhanh chóng phủ nhận. ""Tất nhiên, tôi không phải là Satoshi"", ông nói với CoinDesk. ""Hoback đang cố bám víu vào sợi rơm"". Ông cũng xác nhận được Hoback phỏng vấn và nói ""các cảnh quay không phải deepfake"". Trước đó, khi HBO tung trailer phim, mọi sự chú ý đổ dồn vào Leonard Harris ""Len"" Sassaman, một trong những nhà phát triển Bitcoin thời kỳ đầu nhưng đã mất vào năm 2011. Bitcoin là tiền số phổ biến nhất thế giới, ra đời năm 2008. Ngoài những tranh cãi về giá trị hay tính pháp lý, cha đẻ của đồng này cũng là tâm điểm của rất nhiều cuộc thảo luận. Đến nay, thông tin về người tạo Bitcoin vẫn là một trong những bí ẩn lớn nhất của ngành công nghệ hiện đại. Trước đó, hầu hết nghi vấn hướng đến Dorian S. Nakamoto và Hal Finney. Theo CoinTelegraph, việc biết được ai tạo ra Bitcoin có thể khiến thị trường tiền số đảo lộn, nhất là khi người đó còn sống. Satoshi Nakamoto được cho là nắm giữ khoảng 1,1 triệu Bitcoin, tương đương 66 tỷ USD. Bảo Lâm"
Danh tính 'cha đẻ' Bitcoin có thể sắp được tiết lộ,https://vnexpress.net/danh-tinh-cha-de-bitcoin-co-the-sap-duoc-tiet-lo-4801033.html,"Bộ phim tài liệu sắp chiếu trên HBO được cho là sẽ công khai danh tính của Satoshi Nakamoto, ""cha đẻ"" Bitcoin.","Cuối tuần trước, nhà làm phim Cullen Hoback hé lộ những thông tin đầu tiên về phim tài liệu Money Electric: The Bitcoin Mystery (Tiền điện tử: Bí mật Bitcoin), chiếu tập đầu trên HBO ngày 8/10. Trên X, Hoback nói thông qua bộ phim, ông ""truy tìm một người mất tích"", đó là Satoshi Nakamoto, được coi là ""cha đẻ"" của Bitcoin. Minh họa về sự bí ẩn của ""cha đẻ"" Bitcoin. Ảnh: CoinTelegraph Politico dẫn nguồn tin cho biết bộ phim ""đã xác định được Satoshi và có thể liên kết người này với các hoạt động tội phạm"". Tuy vậy, trang này không đi sâu vào chi tiết. Trailer giới thiệu phim cho thấy một loạt tên tuổi như Hal Finney, Adam Back, Nick Szabo, Paul Le Roux - những người có mối liên hệ với Bitcoin trước đây - đã được phỏng vấn. Phim cũng đề cập đến Leonard Harris ""Len"" Sassaman, một trong những nhà phát triển Bitcoin thời kỳ đầu. Dù phim chưa được công chiếu, các cuộc tranh luận ai là Satoshi đã nổ ra. Trên trang cá cược Polymarket tính đến 7/10, hơn 40% cho rằng Sassaman là Satoshi Nakamoto. Vị trí thứ hai là Adam Back nhận 11,7%. Sassaman sinh năm 1980 tại Pennsylvania, được ví như thần đồng về mật mã học khi còn nhỏ. Ông có nhiều đóng góp cho việc phát triển Bitcoin trước khi tự tử năm 2011. Năm 2021, người vợ quá cố của Sassaman là Meredith Patterson viết trên X: ""Theo hiểu biết của tôi, Len không phải là Satoshi"". Bitcoin là tiền số phổ biến nhất thế giới, ra đời năm 2008. Ngoài những tranh cãi về giá trị hay tính pháp lý, cha đẻ của tiền số này cũng là tâm điểm của rất nhiều cuộc thảo luận. Đến nay, thông tin về người tạo Bitcoin vẫn là một trong những bí ẩn lớn nhất của ngành công nghệ hiện đại. Trước đó, hầu hết nghi vấn hướng đến Dorian S. Nakamoto và Hal Finney. Theo CoinTelegraph, việc biết được ai tạo ra Bitcoin có thể khiến thị trường tiền số đảo lộn, nhất là khi người đó còn sống. Theo nhà phân tích Alex Thorn của Galaxy Digital, nếu Sassaman là Satoshi, thị trường sẽ không bị ảnh hưởng tiêu cực, do ông đã qua đời. Còn Mert Mumtaz, CEO của Helius Labs, chỉ trích Politico khi liên kết nhà phát triển Bitcoin thế hệ đầu với hoạt động tội phạm, cho rằng điều này là ""không công bằng"". Bảo Lâm"
Ví cá voi Bitcoin 'thời đại Satoshi' thức giấc,https://vnexpress.net/vi-ca-voi-bitcoin-thoi-dai-satoshi-thuc-giac-4800736.html,"Hơn 3,5 triệu USD trong khối Bitcoin trị giá 72 triệu USD của một ví cá voi từ ""thời đại Satoshi"" bất ngờ được chuyển lên sàn giao dịch tiền số.","Công ty phân tích blockchain Arkham Intelligence cho biết từ ngày 24/9 đến 3/10, địa chỉ ví cá voi 3JZsd...QerUW đã nhiều lần rút Bitcoin khỏi ví sau thời gian dài ngủ yên, đưa tổng cộng 3,58 triệu USD lên sàn giao dịch. Dữ liệu trên blockchain cho thấy địa chỉ này đang nắm giữ 1.169 Bitcoin, tương đương 72,4 triệu USD theo giá quy đổi hiện tại. Trong lĩnh vực tiền số, ví cá voi được dùng để gọi những địa chỉ chứa trên 1.000 Bitcoin. Trong đó, địa chỉ được tạo trước khi cha đẻ Bitcoin Satoshi Nakamoto biến mất khỏi cộng đồng vào tháng 4/2011 gọi là ví Bitcoin ""thời đại Satoshi"". Động thái của 3JZsd...QerUW gây chú ý vì ví này hoạt động từ đầu năm 2009, chỉ vài tháng sau khi Bitcoin ra đời năm 2008. Những địa chỉ từ thời Satoshi được suy đoán có liên quan trực tiếp đến danh tính của người tạo ra Bitcoin. Satoshi được ước tính đang nắm giữ khoảng 1,1 triệu Bitcoin khi khai thác những khối đầu tiên trên toàn mạng. Minh họa ví cá voi Bitcoin. Nguồn: Cointelegraph Hoạt động của ví 3JZsd...QerUW diễn ra ngay trước khi HBO chuẩn bị phát hành phim tài liệu Money Electric: The Bitcoin Mystery (Tiền điện tử: Bí mật Bitcoin) tuần tới. Nhà sản xuất tuyên bố sẽ tiết lộ danh tính thực sự của Satoshi trong phim. Theo Cointelegraph, nhiều khả năng hình tượng nhà khoa học máy tính người Mỹ Len Sassaman sẽ được chọn vào vai Satoshi trong phim tài liệu của HBO. Sassaman là chuyên gia mật mã nổi tiếng và đã tự tử ngày 3/7/2011, hơn hai tháng sau khi Satoshi biến mất khỏi các hoạt động của cộng đồng. Một đài tưởng niệm Sassaman đã được mã hóa vào khối 138.725 của mạng Bitcoin. Tuy nhiên, một số bài đăng trên Twiiter cách đây 13 năm của Sassaman chỉ trích Bitcoin thiếu các tính năng ""riêng tư"" và ""bảo vệ đảo ngược gian lận"". Năm 2021, người vợ quá cố của Sassaman là Meredith Patterson nói: ""Theo hiểu biết của tôi, Len không phải là Satoshi"". Đến nay, danh tính thật sự của người tạo ra Bitcoin vẫn là một trong những bí mật lớn nhất trên Internet. Các nhà phân tích luôn cố gắng lần theo những địa chỉ ví cũ để xác định dấu vết cha đẻ Bitcoin. Khi bất kỳ ví từ ""thời đại Satoshi"" thức giấc, cuộc truy tìm danh tính lại sôi động trở lại. Nhiều người cho rằng với 1,1 triệu Bitcoin đang nắm giữ, mỗi động thái của Satoshi có thể khiến thị trường biến động mạnh, trong bối cảnh nguồn cung ngày càng hạn chế. Một lượng lớn Bitcoin ngủ yên, nay bắt đầu thức giấc có thể tạo ra nhiều thay đổi về giá. An Thu"
Bên trong hầm trú ẩn hạt nhân chứa Bitcoin,https://vnexpress.net/ben-trong-ham-tru-an-hat-nhan-chua-bitcoin-4799143.html,Thụy SĩHầm trú ẩn hạt nhân bí mật tại dãy núi Alps hiện bảo vệ một lượng Bitcoin có trị giá hơn 100 triệu USD.,"Người sở hữu tiền số thường giấu tài sản ở ""ví lạnh"", tức các thiết bị lưu trữ mã khóa, hoặc qua ""ví nóng"" - ví trên sàn giao dịch hoặc nền tảng phi tập trung. Dù vậy, hơn hai triệu Bitcoin được ước tính đã mất vĩnh viễn, không thể lấy lại do chủ sở hữu quên cụm từ ""hạt giống"", là chìa khóa duy nhất để truy cập vào tiền số. Nhằm đảm bảo cất giữ tiền số an toàn, công ty Xapo Bank đã xây dựng một loạt hầm trú ẩn hạt nhân để bảo vệ Bitcoin của khách hàng. CoinTelegraph đã đến hầm ngầm lưu trữ Bitcoin ở núi Alps, nơi được canh giữ nghiêm ngặt và gần như bất khả xâm phạm. Minh họa về cánh cổng nơi cất giữ Bitcoin. Ảnh: CoinTelegraph ""Anh còn 5 phút, sau đó tôi cần giao nộp điện thoại"", Albert Rocca, một giám đốc của Xapo Bank, nói với biên tập viên Gareth Jenkinson của CoinTelegraph trước khi cho phép người này vào hầm chứa Bitcoin. Rocca sau đó đặt điện thoại của Jenkinson vào một hộp chặn sóng điện từ, cắt đứt mọi kết nối của thiết bị và khiến vị trí không thể bị theo dõi. Nhóm sau đó lên trực thăng và bay về phía núi Alps. Trực thăng hạ cánh xuống một khu bằng phẳng bên cạnh dốc đứng. Cách đó vài chục mét là cánh cửa hầm theo phong cách quân đội lộ ra. Nhân viên bảo vệ quét võng mạc và nhập mã riêng được cập nhật mỗi phút trước khi cánh cửa khổng lồ nặng khoảng 6 tấn, được thiết kế để chịu được vụ nổ hạt nhân, từ từ mở ra. Để vào hầm, khách mời phải trải qua quá trình kiểm tra an ninh toàn diện, sau đó được cấp thẻ từ để mở các cánh cửa khác trong lộ trình. Cánh cửa lớn đầu tiên nặng 6 tấn của căn hầm, có thể chịu một vụ nổ hạt nhân. Ảnh: Xapo Bank Nhóm sau đó chuyển đến một phòng nhỏ, hai bên là các nhân viên trang bị kính và áo giáp chống đạn. Họ có nhiệm vụ đo cân nặng và chiều cao của khách. Dữ liệu này sẽ tự động liên kết với thẻ nhận dạng đã được cấp từ đầu. Tiếp theo, nhóm đi qua một hầm đá dài khoảng 30 mét, dẫn đến một loạt cửa an ninh. Họ được yêu cầu phải thực hiện một động tác nhất định để di chuyển qua - một biện pháp ngăn những vị khách không mời. Đằng sau là một hành lang có cửa két ở cả hai bên. Tại đây có các mảnh MPC (Multi-party Computation - Tính toán đa bên), một hình thức mã hóa cho phép nhiều bên cùng đánh giá một khóa, bảo vệ sự riêng tư của thông tin và dữ liệu bí mật của khách hàng. MPC là giải pháp thay thế đa chữ ký truyền thống, đảm bảo không có điểm lỗi trong việc quản lý khóa tiền số. Andrew Mannoukas, Giám đốc an ninh thông tin của Xapo Bank, là một trong số ít người được phép vào căn phòng sâu nhất. Ông cho biết các mảnh MPC có thể được lưu trữ trong các két sắt của Xapo Bank trên toàn thế giới, tại những địa điểm không được tiết lộ và được nhiều thực thể khác nhau nắm giữ, không ai biết chính xác vị trí của họ. ""Tại sao lại là két sắt? Chúng được đảm bảo an ninh vật lý bằng cách chứa trong các bongke cấp quân sự để chống lại các mối đe dọa như thiên tai hoặc trộm cắp ngoài đời thật"", Mannoukas giải thích. Người này cho biết quá trình ký kết MPC giống như một nhóm đầu bếp cùng nấu một món ăn, mỗi đầu bếp có một nguyên liệu bí mật. Các đầu bếp thêm nguyên liệu vào nồi nhưng không cho nhau xem rồi trộn đều mọi thứ. Cuối cùng, họ nếm món ăn, thưởng thức hương vị nhưng không ai biết chính xác nguyên liệu người khác đã thêm vào là gì, số lượng bao nhiêu. ""Mỗi đầu bếp là một mảnh MPC. Khi cần kết hợp, họ đóng góp chữ ký nhưng không phải tiết lộ danh tính. Các mảnh sẽ tạo ra một chữ ký hợp lệ có thể ký giao dịch"", Mannoukas nói. ""Theo cách này, một người có thể ủy quyền giao dịch một cách an toàn, không cần bất kỳ cá nhân hay tổ chức nào nắm giữ toàn bộ khóa riêng"". Máy phát điện bên trong hầm chứa Bitcoin của Xapo Bank. Ảnh: Xapo Bank Căn hầm hiện bảo vệ lượng Bitcoin trị giá hơn 100 triệu USD. Tuy nhiên, Xapo Bank cho biết Bitcoin chỉ là một trong những tài sản được giấu. Hầm ở dãy Alps được công ty mua lại từ một liên doanh với Không quân Thụy Sĩ vào những năm 1980. Bên trong gồm hai máy phát điện diesel công suất megawatt và hệ thống lọc không khí HEPA phức tạp giúp loại bỏ chất ô nhiễm, gồm cả độc tố và hạt phóng xạ. Bên cạnh đó, hệ thống hầm trú ẩn cũng sử dụng một hồ nước ngầm để làm mát máy chủ và các phòng mà không cần đến điều hòa. Các phòng cũng có lối thoát hiểm riêng, được kiểm soát và vận hành từ xa. Một cánh cửa khác trong hầm. Ảnh: Xapo Bank Xapo Bank từ chối đề cập chi tiết về phí duy trì hàng năm để lưu trữ Bitcoin. Tuy nhiên, công ty nói chỉ riêng việc thuê hầm trú ẩn này đã tốn cả triệu USD mỗi năm. Bảo Lâm"
Lợi nhuận của thợ đào Bitcoin thấp kỷ lục,https://vnexpress.net/loi-nhuan-cua-tho-dao-bitcoin-thap-ky-luc-4799273.html,"Theo JPMorgan, lợi nhuận của các công ty khai thác Bitcoin trong tháng 9 giảm xuống mức thấp nhất từ trước đến nay.","""So với tháng 8, lợi nhuận hàng ngày từ phần thưởng khối khai thác Bitcoin đã giảm 6% và cũng là mức thấp nhất được ghi nhận"", Reginald Smith và Charles Pearce, hai nhà phân tích của JPMorgan, viết trong báo cáo ngày 1/10. ""Doanh thu và lợi nhuận gộp hàng ngày của việc khai thác Bitcoin đã giảm tháng thứ ba liên tiếp, dù giá trung bình của Bitcoin tăng nhẹ"". Cụ thể, chỉ số hashrate (sức mạnh tính toán của hệ thống khai thác blockchain) tăng trong ba tháng liên tiếp lên 643 exahash mỗi giây (EH/giây), đồng nghĩa độ khó cũng tăng lên. Nhóm ước tính thợ đào kiếm trung bình gần 42.100 USD cho mỗi EH/giây tiền thưởng khối hàng ngày trong tháng 9, thấp nhất trong nhiều năm, qua đó lợi nhuận thu về cũng giảm mạnh. Doanh thu thợ đào Bitcoin giai đoạn từ tháng 1/2021 đến tháng 9/2024. Nguồn: JPMorgan Đến nay, có khoảng 14 công ty khai thác Bitcoin lớn được niêm yết tại Mỹ với tổng giá trị hơn 20 tỷ USD vốn hóa thị trường. Lĩnh vực này chứng kiến sự tăng trưởng mạnh những năm qua nhờ Bitcoin tăng giá, nhưng đi xuống trong ba năm gần nhất do tiền số này giảm giá trị, cũng như sự cạnh tranh ngày càng tăng của các hệ thống mỏ vận hành quy mô lớn tại Mỹ. Cổ phiếu của Mara Holdings và Riot Platforms, hai trong số những công ty khai thác Bitcoin lớn nhất tại Mỹ, đã giảm lần lượt 36% và 54% năm nay. Trước đó, dữ liệu được công ty nghiên cứu thị trường blockchain CryptoQuant công bố ngày 19/8 cho thấy chỉ số Hash Ribbons - phản ánh độ khó và thách thức tài chính đối với thợ đào Bitcoin - có đường trung bình động trong 30 ngày tính đến 11/8 cao hơn so với 2 tháng trước đó. CoinTelegraph nhận định, đây là thông số bất lợi đối với thợ đào, báo hiệu lợi nhuận của họ tiếp tục đi xuống. Một hệ thống ""trâu cày"" đào Bitcoin của công ty khai thác Hut8 Mining. Ảnh: Miner Mag Kể từ sau đợt Bitcoin halving lần thứ tư, thu nhập của thợ đào lao dốc, thể hiện qua chỉ số về khả năng duy trì lợi nhuận. Doanh thu hàng ngày của thợ đào giảm 63% trong hai tháng sau halving do phần thưởng ít hơn và phí giao dịch tăng lên. Trong khi đó, các hệ thống trâu cày cũng cần đầu tư nâng cấp khiến thợ đào đứng trước ngưỡng ""buông tay, tắt máy"". ""Tổng doanh thu hàng ngày của thợ đào đầu tháng 3 là 79 triệu USD, nhưng hiện còn 29 triệu USD. Nguồn thu từ phí giao dịch cũng chỉ chiếm 3,2% tổng doanh thu mỗi ngày, mức thấp nhất tính từ 8/4"", báo cáo đầu tháng 7 của CryptoQuant nêu. Để hạn chế lạm phát khi quá nhiều người tham gia khai thác tiền số, Nakamoto Satoshi, cha đẻ Bitcoin, đã thêm một đoạn code để cứ sau 210.000 khối khai thác, phần thưởng cho thợ đào sẽ bị giảm một nửa. Thuật toán này được gọi là Bitcoin halving và diễn ra trung bình bốn năm một lần. Trong kỳ halving đầu tiên, phần thưởng giảm từ 50 xuống 25 Bitcoin mỗi khối. Đợt halving thứ tư dự kiến diễn ra ngày 20/4 và khi đó, thợ đào chỉ nhận được 3,125 Bitcoin khi mở khối mới. Bảo Lâm"
Cựu CEO Binance CZ ra tù,https://vnexpress.net/cuu-ceo-binance-cz-ra-tu-4798001.html,"Changpeng Zhao (CZ), nhà sáng lập sàn tiền số lớn nhất thế giới Binance, mãn hạn tù sau bốn tháng bị giam tại Mỹ.","""Chúng tôi rất vui mừng khi CZ được về nhà với gia đình"", người phát ngôn của Binance nói với Cointelegraph. ""Dù ông ấy không quản lý hoặc điều hành Binance, chúng tôi rất vui khi thấy bước tiến tiếp theo của ông ấy. Kể từ năm ngoái, Binance đã tiếp tục phát triển mạnh mẽ dưới sự lãnh đạo của đội ngũ hiện tại, vượt 230 triệu người dùng trên toàn cầu"". Phát ngôn viên của Cục Nhà tù Liên bang Mỹ cũng xác nhận CZ đã hoàn thành án tù và trở về nhà. Trên X, ông cũng vừa đăng thông điệp: ""gm"". Tuy nhiên, hiện chưa rõ ẩn ý của nhà sáng lập Binance. Giá tiền số BNB của sàn đã tăng 4% sau khi ông ra tù. Ảnh minh họa về Changpeng Zhao của CoinTelegraph. Trước đó, Binance bị phạt 4,32 tỷ USD, còn CZ phải từ chức CEO và bị kết án bốn tháng tù với tội danh ""không tuân thủ quy định chống rửa tiền"" và vi phạm lệnh trừng phạt do Bộ Tư pháp Mỹ (DOJ) đưa ra. Người này trước đó được tại ngoại với số tiền bảo lãnh 175 triệu USD và đồng ý không kháng cáo với bất kỳ bản án nào. Tại phiên tòa, CZ xin lỗi về hành động của mình, nói ""đã dành nhiều thời gian một mình để suy ngẫm"". Ông nhận trách nhiệm đã không kiểm soát Binance chặt chẽ theo quy định. Cựu CEO Binance bắt đầu bị giam giữ tại nhà tù liên bang ở Lompoc, California đầu tháng 6. Changpeng Zhao sinh năm 1977, là người Canada gốc Trung Quốc, tốt nghiệp ngành công nghệ thông tin tại Đại học McGill, có thời gian làm việc tại Sở giao dịch Chứng khoán Tokyo, sau đó chuyển sang Bloomberg LP - công ty con về tài chính của Bloomberg. Trong thời gian này, CZ nhận ra ""cách dòng tiền chảy qua hệ thống máy tính và không bao giờ rời mắt khỏi lĩnh vực tài chính"". Trước khi thành lập Binance vào tháng 7/2017, Changpeng Zhao là thành viên đội phát triển Blockchain.info và giữ chức giám đốc công nghệ của OKCoin - sàn giao dịch tiền mã hóa lớn thứ hai thế giới lúc bấy giờ. Năm 2021, CZ gia nhập câu lạc bộ tỷ phú với khối tài sản tương đương 96 tỷ USD, theo bảng xếp hạng của Bloomberg. Ông cũng được ví là ""người ngồi tù có tài sản lớn nhất thế giới"", với khối tài sản ước tính 30,8 tỷ USD. Bảo Lâm"
Viện ABAII xây dựng nền tảng khóa học blockchain và AI,https://vnexpress.net/vien-abaii-xay-dung-nen-tang-khoa-hoc-blockchain-va-ai-4797316.html,"MasterTeck là nền tảng cung cấp hơn 300 khóa học trong lĩnh vực blockchain, AI với mục tiêu phát triển nguồn nhân lực số tại Việt Nam.","Ngày 24/9, hội đồng khoa học gồm 15 giáo sư, tiến sĩ, chuyên gia công nghệ đầu ngành của Viện Công nghệ Blockchain và Trí tuệ Nhân tạo ABAII họp và thông qua MasterTeck. Đơn vị đặt mục tiêu trở thành nền tảng học trực tuyến hàng đầu Việt Nam về blockchain và AI. MasterTeck hướng đến xây dựng hệ thống kiến thức, kỹ năng làm việc cho học viên để nâng cao năng lực và hiệu quả công việc thực tế. Tiến sĩ Lê Linh Lương, Phó viện trưởng Viện ABAII trình bày về nền tảng MasterTeck trước hội đồng khoa học. Ảnh: ABAII Theo báo cáo của Diễn đàn Kinh tế Thế giới (WEF) năm 2023, 75% doanh nghiệp dự định áp dụng AI và big data vào năm 2027. Các vai trò liên quan đến AI và Machine Learning nằm trong top 10 nghề nghiệp có tốc độ tăng trưởng nhanh nhất. Theo đại diện ABAII, MasterTeck được phát triển để giải quyết bài toán nhân sự chất lượng cao trong kỷ nguyên số. Tiến sĩ Lê Linh Lương - Phó viện trưởng cho biết lợi thế của nền tảng của quy tụ đội ngũ 120 chuyên gia trong và ngoài nước, cùng hệ thống chứng chỉ như CompTIA, EC-Council và PECB. ""Các chứng chỉ được cấp đồng thời ở hình thức truyền thống và NFT nên đảm bảo minh bạch, công khai toàn cầu và kết nối trực tiếp với Linkedin của từng học viên"", ông Lương nói. Theo công bố, khóa học của MasterTeck thiết kế theo sát nhu cầu thực tế của thị trường lao động, chú trọng những ngành nghề đang được quan tâm như Phân tích tài chính, Đầu tư chứng khoán, Marketing - Truyền thông... Viện sẽ thường xuyên cập nhật nội dung các khóa để tiếp cận với những kiến thức và kỹ năng mới nhất trong lĩnh vực. Giáo sư, Tiến sĩ khoa học Hoàng Văn Huây, nguyên Thứ trưởng Khoa học và Công nghệ, Chủ tịch Hiệp hội Blockchain Việt Nam, Chủ tịch Hội đồng Khoa học Viện ABAII, cho biết nắm bắt các kiến thức, kỹ năng về blockchain và AI giúp người lao động đón đầu làn sóng việc làm đang thay đổi nhanh. ""Trí tuệ nhân tạo không thể thay thế được con người nhưng những người biết ứng dụng AI sẽ thay thế nhân sự không biết sử dụng"", ông Huây khẳng định. Giáo sư, Tiến sĩ khoa học Hoàng Văn Huây phát biểu tại buổi họp. Ảnh: ABAII Đồng quan điểm, ông Trần Việt Hùng, nguyên Phó chánh văn phòng Trung ương Đảng, Cố vấn cấp cao Hiệp hội Blockchain Việt Nam, cho biết blockchain và AI là công nghệ khác biệt, thúc đẩy sự sáng tạo và đổi mới ở mọi lĩnh vực trong đời sống và xã hội. ""Nền tảng học trực tuyến MasterTeck là công cụ thiết thực, giải quyết trực diện vấn đề mà các bạn trẻ đang gặp phải về việc tiếp cận và được trang bị kiến thức chuyên môn bài bản"", ông Hùng nói. Theo Trung tướng Đặng Vũ Sơn, nguyên Trưởng ban Cơ yếu chính phủ, Cố vấn cấp cao Hiệp hội Blockchain Việt Nam, Phó Chủ tịch Hội đồng Khoa học Viện ABAII, về mặt kiến thức, MasterTeck sẽ có hướng đi bám sát thực tiễn với nhiều chủ đề, kết hợp bài giảng của các tổ chức quốc tế. Bố cục các khóa học được tính toán để người mới cũng có thể tiếp thu. Các chuyên gia của hội đồng khoa học thảo luận góp ý về MasterTeck. Ảnh: ABAII Bên cạnh đó, các thành viên cũng góp ý về một số vấn đề cần điều chỉnh để nền tảng hoàn thiện hơn, như giao diện, phương thức truy cập đa nền tảng hay việc tích hợp các tính năng, nền tảng bên thứ ba. Dự kiến MasterTeck ra mắt tháng 10 và cho phép người dùng đăng ký miễn phí. Hoài Phương"
Startup của người Việt được Vitalik Buterin đầu tư,https://vnexpress.net/startup-cua-nguoi-viet-duoc-vitalik-buterin-dau-tu-4793612.html,"Rise, startup về blockchain, huy động được 3,2 triệu USD từ các nhà đầu tư, trong đó có người đồng sáng lập Ethereum Vitalik Buterin.","Rise là công ty blockchain trên nền tảng Ethereum, giải quyết bài toán về tốc độ giao dịch trên blockchain. Dự án cung cấp khả năng xử lý hơn 100.000 giao dịch mỗi giây, thuộc nhóm cao nhất thị trường. Rise được phát triển từ năm 2023 với đội ngũ sáng lập gồm Sam Battenally từ Australia, Nguyễn Quang Hải từ Việt Nam và Sasha Mai là người Mỹ gốc Việt. Nguyễn Quang Hải, CTO của dự án, từng bỏ học đại học để khởi nghiệp và huy động thành công hàng chục triệu USD, trong khi Sasha Mai từng làm trưởng bộ phận chiến lược tăng trưởng cho Kyber Network - startup cũng của các nhà sáng lập Việt Nam, ra đời từ 2017. Nhóm sáng lập Rise trên website dự án. Ảnh: Lưu Quý Trong thông báo ngày 16/9, Rise cho biết đã huy động 3,2 triệu USD cho vòng gọi vốn hạt giống, dẫn đầu bởi quỹ đầu tư mạo hiểm Mỹ Finality Capital, cùng một số đơn vị như vườn ươm khởi nghiệp Orange DAO, ether.fi Ventures. Ngoài ra, nhiều nhà đầu tư thiên thần nổi tiếng trong ngành cũng tham gia vòng này, như Vitalik Buterin, nhà đồng sáng lập Ethereum, Stani Kulechov, nhà sáng lập AAVE, Nguyễn Thành Trung, người đồng sáng lập Axie Infinity; và Trần Huy Vũ, nhà đồng sáng lập Kyber Network. Theo Giám đốc tăng trưởng Sasha Mai, blockchain cho phép các nhà phát triển xây dựng ứng dụng phi tập trung bằng hợp đồng thông minh. Tuy nhiên, công nghệ này ""chưa được sử dụng rộng rãi bởi người dùng cuối"" do hạn chế về tốc độ xử lý. Các nền tảng blockchain trong hệ sinh thái Ethereum thường chỉ xử lý vài trăm giao dịch mỗi giây trước khi bắt đầu quá tải. Rise là giải pháp layer 2, được phát triển để giải quyết hạn chế này, cho phép xử lý hàng trăm nghìn giao dịch mỗi giây trong khi vẫn duy trì lợi thế cốt lõi của công nghệ blockchain là tính phi tập trung. ""Chúng tôi kỳ vọng phá vỡ giới hạn hiện tại về tốc độ, thúc đẩy các ứng dụng mới, từ đó tăng thêm nhiều người sử dụng công nghệ blockchain"", đại diện dự án cho biết. Lưu Quý"
Elon Musk thắng kiện cáo buộc thao túng giá Dogecoin,https://vnexpress.net/elon-musk-thang-kien-cao-buoc-thao-tung-gia-dogecoin-4787845.html,Elon Musk và Tesla được tòa tuyên trắng án sau đơn kiện tập thể cáo buộc tỷ phú thao túng giá Dogecoin.,"Quyết định được thẩm phán Alvin Hellerstein của tòa án quận ở Manhattan (Mỹ) đưa ra cuối ngày 29/8, trong đó nói các nội dung Elon Musk và công ty Tesla đăng trên Twitter, nay là X, ""chỉ thể hiện sự tham vọng và khoa trương, không phải sự thật và dễ bị làm giả"". Thẩm phán cũng cho rằng việc các nguyên đơn dựa vào thông điệp trên mạng xã hội để đầu tư nhưng sau đó quay lại khiếu nại người đăng với tội gian lận chứng khoán, thao túng thị trường là điều ""không thể hiểu"". Luật sư đại diện nhóm khởi kiện không đưa ra bình luận. Luật sư Alex Spiro của Musk cho biết qua email: ""Đây là một ngày tốt đẹp cho Dogecoin. Musk không có gì sai trong những dòng tweet vô hại và thường ngớ ngẩn của ông"". Biến động giá Dogecoin hồi tháng 4/2023, khi Musk thay biểu tượng chim xanh của Twitter bằng hình chó Shiba Inu. Ảnh: Bảo Lâm Cuối tháng 5/2023, một nhóm nhà đầu tư khởi kiện Musk, tố cáo tỷ phú Mỹ sử dụng tầm ảnh hưởng của mình để gây biến động giá Dogecoin khiến họ thua lỗ. Nhóm này cho biết Musk đã đăng nhiều bài trên Twitter, trả tiền cho những người có ảnh hưởng, tham gia chương trình truyền hình Saturday Night Live của NBC, cũng như thực hiện ""những trò nguy hiểm công khai"" khác nhằm tác động đến giá của meme coin Dogecoin để kiếm lời. Nhóm nhấn mạnh Musk cố tình thổi giá đồng meme coin lên 36.000% trong hai năm, sau đó để nó rơi tự do. Chẳng hạn, vào tháng 4/2023, Musk thay logo chim xanh của Twitter bằng hình chó Shiba Inu, khiến Dogecoin tăng 30%, sau đó bán ra và thu về 124 triệu USD. Dogecoin là tiền số được Billy Markus và Jackson Palmer tạo ra như một trò đùa để phê phán cơn sốt Bitcoin năm 2013, lấy ý tưởng từ meme Doge, hình chó Shiba với khuôn mặt ngơ ngác. Đồng này dựa trên Litecoin, có tốc độ đào nhanh so với các tiền số khác và không bị giới hạn như Bitcoin. Trong lịch sử phát triển Dogecoin, Musk là một trong những nhân tố không thể thiếu vì nhiều lần công khai ủng hộ đồng này. Sau mỗi tweet của ông, Dogecoin luôn tăng từ hàng chục đến hàng trăm lần. Tuy nhiên, thời gian sau đó, các bài đăng dường như ""hết phép"". Khoảng nửa năm nay, tỷ phú Mỹ không còn nhắc đến meme coin này. Bảo Lâm (theo Reuters)"
Nhà phát triển Trung Quốc dùng blockchain vượt rào lệnh cấm chip,https://vnexpress.net/nha-phat-trien-trung-quoc-dung-blockchain-vuot-rao-lenh-cam-chip-4786425.html,Nhiều nhà phát triển AI của Trung Quốc đang dùng blockchain để tiếp cận sức mạnh của chip tiên tiến.,"Sau khi Mỹ gia tăng cấm vận, không cho các công ty trong nước như Nvidia bán chip sang Trung Quốc, người dùng ở quốc gia tỷ dân vẫn có thể tiếp cận thông qua thị trường chợ đen. Tuy nhiên, con đường này phức tạp, đắt đỏ và không thể đáp ứng nhu cầu lớn. Theo WSJ, các nhà phát triển đã tìm ra cách tiếp cận mới mà không cần nhập khẩu chip. Một trong những người giúp họ vượt rào cấm vận như vậy là Derek Aw, cựu thợ đào Bitcoin. ""Hợp đồng thông minh"" Tính đến tháng 6, công ty của Aw đã xây dựng hơn 300 máy chủ với chip Nvidia H100 cho một trung tâm dữ liệu ở Brisbane, Australia. Ba tuần sau, các máy chủ bắt đầu xử lý thuật toán AI cho một công ty ở Bắc Kinh. ""Có cầu. Có lợi nhuận. Đương nhiên có người cung cấp"", Aw nói với WSJ. Việc thuê sức mạnh tính toán từ xa không phải sáng kiến mới, nhiều công ty toàn cầu đang dùng dịch vụ từ Google Cloud, Microsoft Azure và AWS. Tuy nhiên, những công ty này bị cấm cung cấp sức mạnh tính toán cho công ty Trung Quốc. Khách tham quan chip tại Triển lãm Computex 2024 hồi tháng 6 tại đảo Đài Loan. Ảnh: Khương Nha Aw đã tìm ra cách để ""ẩn danh khách hàng"". Ứng dụng blockchain vào việc mua và bán, các giao dịch được thực hiện qua smart contract (hợp đồng thông minh), cho phép theo dõi online, nhưng bảo vệ được danh tính của những người tham gia. Tiền mã hóa được dùng làm công cụ thanh toán. Với blockchain, Aw cho biết ngay cả anh cũng không rõ danh tính thực sự của người mua. Để bảo mật, các công ty AI Trung Quốc thường thực hiện giao dịch thông qua công ty con đặt ở Singapore hoặc nơi khác. Aw nói từ cuối năm ngoái, khách hàng của anh tăng đáng kể, phần lớn cần chip Nvidia. Nvidia không đưa ra bình luận, nhưng nói luôn tuân thủ các biện pháp kiểm soát xuất khẩu của Mỹ. GPU phi tập trung Những nền tảng như của Aw đã xuất hiện trong hai năm qua trong lĩnh vực tiền số. Nhiều dự án kêu gọi người dùng đóng góp sức mạnh tính toán từ những máy tính không dùng để đào tiền số. Các nền tảng này cố gắng thu thập khả năng của các GPU nằm rải rác toàn cầu, sau đó cho các nhà phát triển AI thuê lại. Dịch vụ bán sức mạnh tính toán phân tán được gọi là mô hình GPU phi tập trung. GPU Nvidia được sử dụng rộng rãi trong các ứng dụng AI và được săn đón trên các nền tảng này. Từ khi Mỹ hạn chế bán chip tiên tiến cho Trung Quốc năm 2022, nhiều khách hàng Trung Quốc chuyển sang các nền tảng phi tập trung để có sức mạnh tính toán. Joseph Tse, làm việc trong một startup AI ở Thượng Hải, cho biết công ty ông đã chuyển sang dịch vụ GPU phi tập trung sau khi bị chặn dịch vụ từ AWS. Dịch vụ mới cho phép họ tiếp cận 400 máy chủ của một trung tâm dữ liệu được đặt ngay tại California (Mỹ). Mô hình AI của công ty được đào tạo trên những chip H100 hàng đầu của Nvidia mà không gặp rắc rối nào. Tse cho biết dịch vụ không khác nhiều điện toán đám mây do Amazon, Google cung cấp. Tuy nhiên, ông lo ngại hệ thống blockchain có thể có lỗ hổng cho phép tin tặc đánh cắp mã và dữ liệu của công ty. ""Blockchain bảo vệ quyền riêng tư của người dùng, nhưng do đó cũng rất khó để buộc ai đó chịu trách nhiệm nếu sự cố xảy ra. Tuy nhiên, chúng tôi không có nhiều lựa chọn và phải thử mọi cách để tồn tại"", Tse nói. Hồi tháng 6, tại sự kiện AI Industry ở Singapore, có ít nhất ba công ty GPU phi tập trung chào hàng về dịch vụ truy cập không giới hạn vào sức mạnh tính toán của Nvidia với giá thấp. Tất cả xác nhận họ có khách hàng từ Trung Quốc. Tuy nhiên, các mạng phi tập trung thường không thể đào tạo mô hình AI lớn như ChatGPT vì cần hàng nghìn chip để truyền dữ liệu nhanh chóng giữa chúng. Edge Matrix Computing (EMC), thành lập năm 2022, đang tìm cách xây dựng các cụm chip lớn hơn. EMC đã kết nối hơn 3.000 GPU trong mạng phi tập trung của mình, bao gồm chip Nvidia để đào tạo AI. Người dùng mua quyền truy cập vào chip bằng tiền số của EMC. EMC cho biết đang kêu gọi các nhà đầu tư mua Nvidia H100 - mỗi chip có giá tương đương một chiếc xe Cadillac - và lắp ráp chúng trong một trung tâm dữ liệu để đào tạo AI chuyên sâu. Người dùng mua năng lực tính toán với số lượng lớn có thể trả ít hơn 2 USD cho mỗi giờ sử dụng chip Nvidia H100. Phản ứng của Mỹ Các cơ quan chức năng Mỹ đã phát hiện vấn đề. Tại phiên điều trần của Ủy ban Thượng viện tháng 7, Thượng nghị sĩ John Kennedy lập luận rằng Bộ Thương mại đã cho phép người dùng Trung Quốc tận dụng lỗ hổng trong các hạn chế xuất khẩu chip. ""Có vẻ dòng chảy ổn định của các vi mạch tiên tiến vào Trung Quốc vẫn tiếp diễn. Dòng chảy đó phải dừng lại"", WSJ dẫn lời ông Kennedy viết trong thư gửi Bộ trưởng Thương mại Gina Raimondo. Thea Kendler, trợ lý Bộ trưởng Thương mại phụ trách quản lý xuất khẩu, cho biết Bộ của bà đang theo dõi chặt chẽ các mạng lưới mua sắm bất hợp pháp và tìm cách trấn áp. Trong lúc cơ quan chức năng chưa có biện pháp can thiệp phù hợp, Aw đang huy động thêm tiền từ một nhóm nhà đầu tư ở Arab Saudi và Hàn Quốc. Họ có kế hoạch xây một cụm chip Blackwell mới của Nvidia cho một công ty Singapore, do công ty Trung Quốc đứng sau. ""Không ai vi phạm các biện pháp kiểm soát xuất khẩu. Về mặt pháp lý, họ là công ty Singapore"", Aw nói. Khương Nha"
Ba người khiến ông Trump thay đổi quan điểm về Bitcoin,https://vnexpress.net/ba-nguoi-khien-ong-trump-thay-doi-quan-diem-ve-bitcoin-4786144.html,"Một nhóm nhỏ ở Puerto Rico được cho là đã thuyết phục Donald Trump về giá trị Bitcoin, khiến ông thay đổi quan điểm về tiền số.","Ở một dãy phố nhộn nhịp và sáng đèn của Lower Broadway, Nashville (Mỹ), nơi các quán bar luôn tấp nập là Music City Center - khu vực đã tổ chức mọi loại sự kiện, từ hội nghị về bia đến buổi biểu diễn của huyền thoại Dolly Parton. Ngày 27/7, khu này chật kín khách vì một sự kiện mới: Hội nghị Bitcoin lớn nhất trong năm, và nhân vật chính là cựu tổng thống Donald Trump. Cựu tổng thống Mỹ Donald Trump trong sự kiện Bitcoin 2024 ngày 27/7 ở Nashville (Mỹ). Ảnh: Reuters Gần 50 phút ở đó, ứng viên tổng thống Mỹ ca ngợi ưu điểm của Bitcoin và đưa ra những thứ cần làm nếu ông đắc cử lần nữa. ""Nếu tiền số giúp xác định tương lai, tôi muốn nó được khai thác, đúc và sản xuất tại Mỹ"", ông tuyên bố. ""Chúng ta sẽ tạo ra nhiều điện đến mức bạn sẽ phải nói: Làm ơn, làm ơn đi Tổng thống, chúng tôi không muốn thêm điện nữa. Chúng tôi không chịu nổi!"". Bài phát biểu của Trump trái ngược so với cách đây hơn ba năm, khi ông nói tiền số là ""trò lừa đảo"". Ông tiết lộ chiến dịch của ông huy động được 25 triệu USD từ các quỹ liên quan đến tiền số, dù con số này chưa được xác minh về tính chính xác. Để biến Trump thay đổi từ ""người hoài nghi"" thành ""người truyền giáo"" Bitcoin, CNBC dẫn nguồn tin riêng cho biết công lớn là nhờ một nhóm nhỏ người ủng hộ tiền số. Đặc biệt, có ba người ở Puerto Rico cố gắng thuyết phục Trump về giá trị của Bitcoin và khiến ông thay đổi ý định. Ba người đó là Amanda Fabiano - ""bà trùm"" trong giới khai thác Bitcoin, Tracy Hoyos-López - một cựu công tố viên California và David Bailey - CEO BTC Inc, công ty truyền thông tổ chức hội nghị Bitcoin ở Nashville. Cả ba gặp nhau ở khu ngoại ô Guaynabo của San Juan, bắt đầu lập kế hoạch chinh phục Trump. Bailey sau đó dành nhiều tháng trò chuyện với đội ngũ chiến dịch của Trump, trao đổi tài liệu, tin nhắn liên quan đến Bitcoin. Ông gặp cựu tổng thống tại Trump Tower ở Manhattan, chia sẻ việc ủng hộ chiến dịch tranh cử, cũng như nói về khai thác Bitcoin và lôi kéo cựu tổng thống đến sự kiện ở Nashville. Hoyos-López, hàng xóm của Bailey, cũng muốn bằng mọi cách đưa ông Trump đến Nashville. Bà tình cờ có liên lạc của một người sẵn sàng giới thiệu nhóm với Donald Trump. Người còn lại, Amanda Fabiano, rất có uy tín ở lĩnh vực khai thác Bitcoin, là nhân tố quan trọng trong việc tạo dựng uy tín cho nhóm. ""Nếu không có Amanda, chúng tôi không thể thuyết phục rằng đây là một doanh nghiệp hợp pháp"", Hoyos-López nói. ""Cô ấy là nữ hoàng trong khai thác tiền số. Cô ấy có trong tay tất cả thợ đào"". Sau khi thành lập nhóm, việc đầu tiên, theo Fabiano, là ""nghĩ về cách giải thích Bitcoin với ông Trump sao cho hợp lý"". Trong mắt nhiều người, Bitcoin tiêu tốn năng lượng khổng lồ, trong khi chưa giúp ích gì cho nhân loại. Tuy nhiên, nhóm đã phác thảo một kế hoạch khai thác Bitcoin tại Mỹ, gồm việc các thợ đào dùng năng lượng tái tạo, tự sản xuất điện và cung cấp ngược lại cho người dân, nhất là ở vùng sâu vùng xa. Đầu tháng 6, Bailey bay đến New York để gặp Trump, nhưng không chia sẻ chi tiết về những gì đã nói trong cuộc họp. Sau đó, cựu tổng thống đồng ý tổ chức một buổi họp bàn tròn 90 phút tại một phòng trà nhỏ trong Mar-a-Lago Club ở Palm Beach, Florida, với thành phần tham gia là hơn 10 giám đốc có liên quan đến tiền số. Nhưng để khiến Trump đồng ý dự sự kiện ở Nashville, nhóm hiểu rằng cần có một khoản đóng góp cho chiến dịch tranh cử đủ lớn và đủ sức thuyết phục. Mỗi người chi 500.000 USD cho một ủy ban gây quỹ sau đó. Bên cạnh đó, nhóm sẽ đưa ra các khoản chi hàng triệu USD cho chiến dịch. Bailey hứa quyên góp 100 triệu USD và 5 triệu phiếu bầu cho Trump. Tại hội nghị bàn tròn ở Mar-a-Lago, lãnh đạo các công ty khai thác tiền số lớn nhất Mỹ đều có mặt, gồm Riot Platforms, Marathon Digital Holdings, TeraWulf và Core Scientific. Họ cùng cựu tổng thống thảo luận về sự thiếu hụt năng lượng của Mỹ, khai thác Bitcoin, AI và cạnh tranh với Trung Quốc. Trong giai đoạn này, Reuters cũng dẫn lời những người tham gia buổi gây quỹ của ông Trump tại San Francisco rằng cựu tổng thống Mỹ khẳng định mình là người ủng hộ nhiệt thành với tiền số. ""Ông ấy tuyên bố sẽ là tổng thống tiền số"", Trevor Traina, cựu đại sứ Mỹ tại Áo và là lãnh đạo ngành công nghệ tại San Francisco, cho biết. Fabiano nói, sau sự kiện, Trump quan tâm tích cực đến việc ""đào sâu và tìm hiểu về ngành công nghiệp này"" và ""tại sao chúng tôi không phải một nhóm tội phạm"". Nhưng Trump chưa đồng ý ngay. Hoyos-López nói nhóm chờ câu trả lời ""trong đau đớn"". Khoảng nửa tháng sau, cựu tổng thống đồng ý đến Nashville. ""Khi đó, tôi đang ở Nhật Bản nhưng lập tức bay về, đến nhà Bailey và chuẩn bị những bộ vest tươm tất"", Hoyos-López kể. ""Đưa ứng viên tổng thống đến Hội nghị Bitcoin chắc chắn là điều tuyệt vời nhất tôi có thể làm trong đời"". Giai đoạn này, Donald Trump cũng lên mạng xã hội Trust Social viết về Bitcoin: ""Tôi muốn tất cả số Bitcoin còn lại được tạo tại Mỹ. Nó sẽ giúp chúng ta thống trị về năng lượng"", cựu tổng thống Mỹ viết ngày 12/6. Bên lề Hội nghị Bitcoin ở Nashville, nhóm sắp xếp một hội nghị bàn tròn thứ hai với sự tham gia của nhiều lãnh đạo trong ngành, trong đó có anh em sinh đôi Tyler và Cameron Winklevoss, Giám đốc pháp lý sàn giao dịch Coinbase Paul Grewal hay CEO của Cantor Fitzgerald Howard Lutnick. Tại đây, Trump đeo cà vạt sọc xanh trắng và cài cờ Mỹ, tuyên bố ""Nhà Trắng giữ lại 100% Bitcoin mà chính phủ Mỹ đang nắm giữ, hoặc mua lại trong tương lai"", đồng thời cho biết sẽ sa thải Chủ tịch Ủy ban Chứng khoán và Sàn giao dịch Mỹ Gary Gensler nếu tái đắc cử. ""Toàn bộ ngành công nghiệp của chúng tôi sẽ không còn tồn tại nếu Trump không thắng cử"", Hoyos-López nói, đồng thời cho biết đã cùng nhóm ăn mừng sau khi thuyết phục được Trump tham gia hội nghị. Bảo Lâm (theo CNBC)"
CEO công nghệ liên tục bị bắt,https://vnexpress.net/ceo-cong-nghe-lien-tuc-bi-bat-4785421.html,"Trong vòng hơn hai năm, đã có năm CEO công nghệ bị bắt giữ liên quan tới nền tảng họ phát triển, mới nhất là ông chủ Telegram.","Pavel Durov - Telegram Theo TF1, Pavel Durov, người đồng sáng lập và CEO của ứng dụng nhắn tin mã hóa Telegram, bị bắt tại sân bay ở ngoại ô Paris vào khoảng 20h ngày 24/8 sau khi đến đây từ Azerbaijan bằng máy bay riêng. Pavel Durov trong một cuộc phỏng vấn với CNN hồi năm 2016. Ảnh: CNN Các nguồn tin cho biết, OFMIN, cơ quan chịu trách nhiệm ngăn chặn bạo lực chống lại trẻ vị thành niên của Pháp, phát lệnh bắt ông với cáo buộc Telegram không có đủ người kiểm duyệt, thiếu hợp tác với chính quyền. Các tính năng mã hóa của Telegram cũng được cho là đã tạo điều kiện cho hoạt động tội phạm diễn ra mà không bị ngăn chặn, khiến Durov có thể bị coi là đồng phạm trong hoạt động buôn bán ma túy, bạo lực mạng, gian lận, tội phạm có tổ chức, kích động khủng bố... Khác với các nền tảng nhắn tin khác chủ yếu kiếm tiền từ quảng cáo, Durov phát triển Telegram theo hướng kiếm tiền từ tiền số. Tháng 1/2018, ông ra mắt tiền mã hóa Gram và TON - một trong những nền tảng phổ biến trong giới tiền số, và lập tức huy động được 1,7 tỷ USD. Durov, 40 tuổi, dự kiến đối mặt án tù lên đến 20 năm. Changpeng Zhao (CZ) - Binance Nhà sáng lập và cựu CEO sàn tiền số lớn nhất thế giới Binance đang chịu án bốn tháng tù, sau khi nhận tội ""không tuân thủ quy định chống rửa tiền"" và vi phạm lệnh trừng phạt do Bộ Tư pháp Mỹ (DOJ) đưa ra. Bị kết án từ 30/4, CZ bắt đầu bị giam tại nhà tù liên bang ở Lompoc cuối tháng 5 và dự kiến tại ngoại trong tháng 9. CZ và hành động giơ bốn ngón tay quen thuộc trước đây. Ảnh: CZ/X Changpeng Zhao sinh năm 1977, là người Canada gốc Trung Quốc. Trước khi thành lập Binance tháng 7/2017, ông có thời gian làm việc ở các tổ chức tài chính hàng đầu. Ông vẫn giữ khoảng 90% cổ phần tại Binance, hiện có khối tài sản 60 tỷ USD, theo Forbes. Do Kwon - Terraform Labs Tháng 3/2023, nhà sáng lập kiêm CEO công ty blockchain Terraform Labs Do Kwon bị bắt ở Montenegro sau thời gian dài ẩn náu. Trước đó một tháng, Korea Times đưa tin Kwon đã chuyển tổng cộng hơn 10.000 Bitcoin, tương đương 240 triệu USD, đến địa chỉ ví của một tổ chức tài chính ở Thụy Sĩ. CEO Do Kwon tại văn phòng Terra Singapore giữa tháng 8/2021. Ảnh: Coinage Kwon đứng sau sự cố Luna - một trong những thảm họa lớn nhất thị trường tiền số toàn cầu. Đầu tháng 5/2022, token Luna và UST của Terraform Labs bất ngờ sụt giảm gần hết giá trị, khiến nhiều người chơi trắng tay. Sau cú sập, Kwon bị cảnh sát quốc tế Interpol truy nã đỏ. Trước khi bị bắt, CEO này được cho là từng ở Hàn Quốc, sau đó tới Singapore rồi biến mất. Trên Twitter, ông tuyên bố mình không chạy trốn nhưng cũng không tiết lộ nơi ở. Sam Bankman-Fried - FTX Sam Bankman-Fried (SBF) sinh năm 1992, thành lập sàn giao dịch tiền điện tử FTX vào năm 2019, trở thành đối thủ cạnh tranh trực tiếp với Coinbase, Binance. Minh họa Sam Bankman-Fried sau song sắt nhà tù. Ảnh: Dailycoin Tháng 11/2022, FTX gặp khủng hoảng do không đủ tài sản dự trữ để đáp ứng làn sóng rút tiền ào ạt từ người dùng. Sau đó, SBF buộc phải đệ đơn xin phá sản. Theo hồ sơ tại tòa, FTX có hơn một triệu chủ nợ, gồm nhiều doanh nghiệp công nghệ hàng đầu như Apple, Meta, Netflix, LinkedIn, Adobe, AWS. Trong đó, 50 chủ nợ lớn nhất chiếm số tiền khoảng 3,1 tỷ USD. SBF bị bắt cuối năm 2022 và bị kết án 25 năm tù hồi tháng 3/2024. Zhu Su - Three Arrows Capital (3AC) Tháng 9/2023, Zhu Su, người đồng sáng lập 3AC, bị bắt tại sân bay Changi khi cố gắng rời Singapore. Đầu năm nay, ông thụ án hai tháng tù trước khi được thả. Zhu Su, CEO quỹ tiền số Three Arrows Capital (3AC). Ảnh: Coincu News 3AC của Su từng là một trong những quỹ tiền số lớn nhất thế giới, quản lý khối tài sản giá trị 10 tỷ USD. Vào tháng 7/2022, quỹ đệ đơn xin phá sản do thua lỗ. Su và nhà đồng sáng lập Kyle Davies bỏ trốn, để lại khoản nợ 3 tỷ USD. Dù bị nghi ngờ có hành vi sai phạm dẫn đến sự sụp đổ của 3AC, Su chỉ ngồi tù thời gian ngắn với lý do không hợp tác trong quá trình giải quyết phá sản cho công ty, chưa phải đền bù bất kỳ khoản tiền hay nhận thêm tội danh nào khác. Như Phúc"
