title                                                         ,url                                                                                              ,description                                                                                                                                                               ,content
Tháp điện mặt trời lớn nhất Trung Quốc kết nối lưới điện      ,https://vnexpress.net/thap-dien-mat-troi-lon-nhat-trung-quoc-ket-noi-luoi-dien-4822602.html      ,Trang trại mặt trời Năng lượng mới Aksai Huidong ở Cam Túc sẽ bao gồm 110 MW nhiệt điện mặt trời và 640 MW quang điện.                                                    ,Video: CCTV
Bơm nhiệt CO2 lớn nhất thế giới có thể sưởi cho 25.000 hộ     ,https://vnexpress.net/bom-nhiet-co2-lon-nhat-the-gioi-co-the-suoi-cho-25-000-ho-4822595.html     ,Đan MạchHệ thống bơm nhiệt của công ty MAN Energy Solutions sử dụng kết hợp các nguồn năng lượng tái tạo để cung cấp nhiệt lượng cho 25.000 hộ gia đình.                  ,"Hệ thống bơm nhiệt nước biển của MAN Energy Solutions. Ảnh: MAN Energy Solutions Bơm nhiệt nước biển dựa trên CO2 lớn nhất thế giới bắt đầu hoạt động ở cảng Esbjerg tại Đan Mạch. Công nghệ phát triển bởi công ty Thụy Sĩ MAN Energy Solutions đại diện cho bước tiến hướng tới giảm carbon từ cơ sở hạ tầng và cung cấp một ví dụ cho những thành phố đang tìm cách hạn chế tác động tới môi trường, Interesting Engineering hôm 1/12 đưa tin. Bơm nhiệt 70 MW là thành phần chủ chốt trong chiến lược rộng hơn nhằm giảm phụ thuộc vào nhiên liệu hóa thạch. Cơ sở bơm nhiệt tiên tiến này sử dụng năng lượng tái tạo, khai thác nhiệt từ nước biển và trang trại điện gió gần đó để cung cấp nhiệt lượng cho 25.000 hộ gia đình. Nhà máy sẽ cung cấp 280 MWh nhiệt hàng năm, đồng thời giảm 120.000 tấn khí thải CO2 mỗi năm. Theo MAN Energy Solutions, công nghệ của họ cung cấp lựa chọn cho các trung tâm dân cư khác khám phá giải pháp sưởi. Dự án có ý nghĩa quan trọng không chỉ do quy mô của bơm nhiệt CO2 mà cả khả năng tích hợp nhiều nguồn năng lượng khác nhau của nó. Cơ sở kết hợp một lò hơi nước dăm gỗ 60 MW, đảm bảo nguồn cung cấp năng lượng tái tạo liên tục. Một lò hơi điện 40 MW khác giúp tăng cường độ bền bỉ của hệ thống, đáp ứng nhu cầu vào thời gian cao điểm và đóng vai trò giải pháp sưởi dự phòng. Việc sử dụng CO2 như chất làm lạnh trong bơm nhiệt làm nổi bật tác động của dự án đối với bảo vệ môi trường. CO2 là lựa chọn an toàn và bền vững hơn so với các chất làm lạnh truyền thống. Ngoài lợi ích môi trường, hệ thống được thiết kế để đạt hiệu quả cao và ổn định với lưới điện. Nó có thể điều chỉnh theo thay đổi về nhu cầu năng lượng. Hệ thống có thể bật tắt nhiều lần trong ngày với khả năng phản ứng nhanh. Hệ thống bơm nhiệt mới trang bị hai bộ máy nén - motor HOFIM bịt kín do MAN Energy Solutions phát triển. Thiết bị sử dụng motor tốc độ cao và vòng bi từ chủ động, do đó không cần dùng dầu và không đòi hỏi bảo dưỡng nhiều. Ngoài ra, hệ thống cũng có tính năng theo dõi từ xa, phân tích chẩn đoán dữ liệu, giúp đảm bảo hiệu suất tối ưu. An Khang (Theo Interesting Engineering)"
Bãi phóng vũ trụ thương mại đầu tiên của Trung Quốc hoạt động ,https://vnexpress.net/bai-phong-vu-tru-thuong-mai-dau-tien-cua-trung-quoc-hoat-dong-4822615.html ,Bãi phóng Thương mại Hàng không vũ trụ Hải Nam chính thức hoạt động khi tên lửa Trường Chinh 12 mang 2 vệ tinh phóng lên thành công hôm 30/11.                            ,Video: CGTN
Khai thác nước ngầm làm nghiêng trục Trái Đất                 ,https://vnexpress.net/khai-thac-nuoc-ngam-lam-nghieng-truc-trai-dat-4822546.html                 ,Một nghiên cứu cho thấy việc khai thác nước ngầm trong nhiều thập kỷ đã khiến trục Trái Đất nghiêng về phía đông gần 80 cm trong 20 năm.                                  ,"Con người khai thác nước ngầm quá mức có thể khiến môi trường bị ảnh hưởng. Ảnh: Sumeth c/Shutterstock Cực quay của Trái Đất, điểm mà Trái Đất xoay quanh, không cố định. Nó di chuyển trong một quá trình gọi là chuyển động cực, khi vị trí của cực quay thay đổi so với lớp vỏ Trái Đất. Quá trình này có thể được hình dung như một con quay; nếu trọng lượng phân bố của con quay thay đổi, nó sẽ quay khác đi. Sự phân bố nước trên hành tinh hoạt động tương tự. Khi nước dịch chuyển, nó thay đổi cách Trái Đất quay, theo IFL Science hôm 28/11. ""Cực quay của Trái Đất thực sự thay đổi rất nhiều"", TS Ki-Weon Seo, nhà địa vật lý tại Đại học Quốc gia Seoul, giải thích trong một tuyên bố về nghiên cứu năm 2023 được công bố trên Geophysical Research Letters. ""Nghiên cứu của chúng tôi cho thấy trong số các nguyên nhân liên quan đến khí hậu, việc phân phối lại nước ngầm thực sự có tác động lớn nhất đến sự trôi dạt của cực quay"", ông nói. Nước ngầm khác với nước sông và hồ. Nó là nước ẩn dưới lòng đất và tích tụ từ mưa và các dạng kết tủa khác. Khi nước thấm vào đất, nó từ từ thấm xuống các tầng chứa nước tự nhiên - các bể chứa ngầm. Loại nước này là một đặc điểm quan trọng của vòng tuần hoàn nước vì nó cung cấp nước ngay cả trong thời kỳ mưa ít. Ngày nay, khoảng 50% dân số thế giới phụ thuộc vào nước ngầm để lấy nước uống và 1/3 lượng nước tưới tiêu trên thế giới. Theo truyền thống, con người tiếp cận loại nước này thông qua giếng, lỗ khoan... Tuy nhiên trong suốt thế kỷ 20, các xã hội hiện đại đã bắt đầu khai thác các bể chứa nước ngầm ở quy mô lớn hơn nhiều. Nghiên cứu chỉ ra, từ năm 1993 đến 2010, con người đã bơm 2.150 tỷ tấn nước ngầm. Năm 2016, các nhà khoa học đã cảnh báo sự phân bố của nước có thể làm thay đổi vòng quay của Trái Đất. Nhưng vào thời điểm đó, hiện tượng này còn thiếu chi tiết về cách sử dụng nước ngầm có thể liên quan đến điều đó. Sau đó nhóm nghiên cứu của TS Ki-Weon Seo đã mô hình hóa những thay đổi quan sát được trong sự trôi dạt của cực quay Trái Đất và sự chuyển động của nước. Họ đã chạy nhiều kịch bản và tìm ra phương án duy nhất phù hợp với mức trôi dạt 4,3 cm mỗi năm tương ứng với 2.150 tỷ tấn nước ngầm được phân phối lại đã được tính toán trước đó. Nghiên cứu này đã định lượng một cách hiệu quả vai trò của việc bơm nước ngầm đối với chuyển động cực và biến đổi khí hậu. Mặc dù sự dịch chuyển cực do loại hình khai thác này gây ra có thể sẽ không làm thay đổi cách các khu vực có nguy cơ trải qua các mùa, nhưng sự dịch chuyển cực có thể tác động đến khí hậu. Bảo Anh (Theo IFL Science)"
Mưa khiến nhiều cặp chim ly hôn                               ,https://vnexpress.net/mua-khien-nhieu-cap-chim-ly-hon-4821068.html                               ,Một loài chim sống theo chế độ một vợ một chồng tại Seychelles có khả năng ly hôn cao hơn sau những đợt mưa quá ít hoặc quá nhiều.                                        ,"Một cặp chim Seychelles warbler trên đảo Cousin. Ảnh: Yasuyoshi Chiba/iStock Theo nghiên cứu mới trên tạp chí Journal of Animal Ecology, lượng mưa ảnh hưởng đến tỷ lệ ly hôn của các cặp chim Seychelles warbler, loài chim nhỏ chỉ sống tại 5 đảo thuộc quốc gia châu Phi Seychelles. Phát hiện này cho thấy các mô hình thời tiết thay đổi do biến đổi khí hậu có thể ảnh hưởng lớn tới quá trình sinh sản của nhiều loài vật trên toàn cầu, Newsweek hôm 26/11 đưa tin. Trong nghiên cứu mới, nhóm chuyên gia phân tích hành vi giao phối của chim Seychelles warbler trên đảo Cousin trong 16 năm và so sánh với các mô hình thời tiết trong cùng khoảng thời gian. Loài vật này sống theo chế độ một vợ một chồng, nghĩa là một con đực và một con cái hình thành mối quan hệ lâu dài, thường qua nhiều mùa giao phối hoặc thậm chí suốt đời. Chế độ một vợ một chồng tồn tại ở khoảng 90% loài chim, nhưng đôi khi mối quan hệ bị phá vỡ mà không phải do đối tác chết. Trường hợp này được gọi là ly hôn. Nhóm nghiên cứu cho biết, ly hôn thường liên quan đến việc sinh sản kém. Khoảng 92% loài chim một vợ một chồng từng được ghi nhận có hiện tượng ly hôn, tỷ lệ ly hôn ở các loài không giống nhau. Trong thời gian nghiên cứu, tỷ lệ ly hôn ở chim Seychelles warbler hàng năm là 1 - 16%. Đáng chú ý, nhóm nghiên cứu nhận thấy mối liên hệ giữa tỷ lệ ly hôn của chúng với lượng mưa. Nhiều trường hợp ly hôn xảy ra hơn trong những năm lượng mưa thấp hoặc cao bất thường, theo đồng tác giả nghiên cứu Frigg Speelman, nghiên cứu sinh về sinh thái học hành vi tại Đại học Macquarie. Điều này có thể xuất phát từ việc lượng mưa thấp làm giảm nguồn thức ăn, trong khi lượng mưa cao lại hạn chế khả năng duy trì nhiệt độ cơ thể của chim, đồng thời gây hại cho môi trường sống và tổ của chúng. Ngoài ra, cũng có thể lượng mưa cao và thấp làm tăng mức độ căng thẳng sinh lý ở chim, một yếu tố quan trọng khi lựa chọn bạn đời. Nhóm nghiên cứu không tìm thấy mối liên hệ trực tiếp giữa khả năng ly hôn và sự thành công về mặt sinh sản, hay số lượng con sinh ra, nghĩa là có thể còn những yếu tố khác ảnh hưởng đến tỷ lệ ly hôn. Trong bối cảnh khí hậu đang biến đổi nhanh, phát hiện mới rất đáng lo ngại với chim Seychelles warbler, vốn đã phải đối mặt với nhiều thách thức bảo tồn, và cả các loài chim khác trên toàn cầu. ""Nghiên cứu mới không chỉ nâng cao hiểu biết của chúng ta về hành vi động vật trước sự thay đổi khí hậu mà còn cung cấp thông tin giá trị có thể hữu ích cho nỗ lực bảo tồn những loài dễ bị tổn thương trước tác động của biến đổi khí hậu"", Speelman cho biết. Thu Thảo (Theo Newsweek)"
Canada sẽ xây nấm mồ hạt nhân sâu gần 700 m                   ,https://vnexpress.net/canada-se-xay-nam-mo-hat-nhan-sau-gan-700-m-4822100.html                   ,Kho chứa địa chất sâu ở Canada sẽ có nhiều lớp bảo vệ tự nhiên và nhân tạo giúp cách ly an toàn nhiên liệu hạt nhân đã qua sử dụng.                                       ,"Hầm chứa chất thải hạt nhân Okalo của Phần Lan. Ảnh: Yahoo Tổ chức quản lý chất thải hạt nhân (NWMO) đã chọn cộng đồng bản địa Wabigoon Lake Ojibway Nation (WLON) và Township of Ignace làm nơi chủ quản cho kho lưu trữ địa chất sâu đầu tiên Canada dành cho nhiên liệu hạt nhân đã qua sử dụng. Thông báo này được đưa ra sau quá trình lựa chọn kéo dài 14 năm. ""Dự án sẽ giải quyết vấn đề môi trường và hỗ trợ các mục tiêu chống biến đổi khí hậu của Canada"", Interesting Engineering hôm 29/11 dẫn lời Laurie Swami, chủ tịch kiêm giám đốc điều hành NWMO. Kho chứa sẽ cung cấp giải pháp dài hạn cho việc quản lý an toàn nhiên liệu hạt nhân đã qua sử dụng, phụ phẩm từ quá trình sản xuất điện hạt nhân của Canada. Nhiên liệu hạt nhân đã qua sử dụng hiện nay được lưu trữ ở khu vực lò phản ứng và phòng thí nghiệm trên khắp đất nước. Tuy nhiên, cần có giải pháp vĩnh viễn để đảm bảo an toàn cho thế hệ hiện nay và tương lai. NWMO xác định kho lưu trữ địa chất sâu là giải pháp hiệu quả nhất để quản lý dài hạn vật liệu này. Kho chứa sẽ được xây dựng ở độ sâu 650 - 680 m, đặc biệt sâu hơn tháp CN (553 m). Độ sâu đó giúp cách ly nhiên liệu hạt nhân đã qua sử dụng khỏi môi trường và hoạt động của con người. Nó sẽ bao gồm mạng lưới đường hầm dưới lòng đất và phòng chứa chất thải. Theo NWMO, một loạt rào cản kỹ thuật và tự nhiên sẽ được kết hợp để lưu trữ an toàn nhiên liệu hạt nhân đã qua sử dụng trong kho chứa. Những rào cản này bao gồm container chắc chắn, mối đệm kín, và cấu tạo địa chất xung quanh. Mỗi rào cản sẽ cung cấp một mức độ bảo vệ đặc biệt và độc lập, đồng thời đóng vai trò hỗ trợ rào cản trước đó. Nếu bất kỳ rào cản nào gặp trục trặc, các rào cản khác sẽ tiếp tục cách ly vật liệu nguy hiểm. Quyết định lựa chọn WLON và Ignace được đưa ra sau quá trình sàng lọc bắt đầu vào năm 2010 với 22 cộng đồng bày tỏ sự quan tâm. Với mỗi cộng đồng, NWMO đều cung cấp thông tin và trả lời những câu hỏi về dự án. Ngoài ra, dự án sẽ trải qua quy trình điều tiết của Ủy ban an toàn hạt nhân Canada và chính phủ Canada. Việc xây dựng kho chứa địa chất sâu và vận chuyển nhiên liệu hạt nhân đã qua sử dụng sẽ bắt đầu lần lượt vào thập niên 2030 và 2040. Cách đây vài tháng, Phần Lan trở thành quốc gia đầu tiên trên thế giới chôn chất thải nhiên liệu hạt nhân trong nấm mồ địa chất để lưu trữ trong 100.000 năm tới. Họ lên kế hoạch đặt nhiên liệu hạt nhân đã qua sử dụng trong hộp chống thấm nước và chôn ở độ sâu khoảng 400 m dưới lòng đất trong khu rừng ở vùng tây nam Phần Lan. An Khang (Theo Interesting Engineering)"
Trung Quốc hoàn thành 3.046 km rào chắn cát sa mạc            ,https://vnexpress.net/trung-quoc-hoan-thanh-3-046-km-rao-chan-cat-sa-mac-4821586.html            ,"Hàng rào xanh bao quanh Taklimakan, sa mạc lớn nhất Trung Quốc, giúp hạn chế tình trạng cát xâm nhập những ngôi làng lân cận."                                           ,Video: CCTV
Lõi Trái Đất có thể đang rò rỉ sắt                            ,https://vnexpress.net/loi-trai-dat-co-the-dang-ro-ri-sat-4821704.html                            ,Các nhà nghiên cứu phát hiện đồng vị sắt ở lõi Trái Đất có thể xâm nhập vào tầng thấp nhất của lớp phủ trong hàng tỷ năm qua.                                             ,"Mô phỏng hình dáng lõi Trái Đất. Ảnh: Vadim Sadovski Sâu trong lòng Trái Đất, một khối cầu kim loại rắn khổng lồ được bao quanh bởi lớp sắt và nickel lỏng, tạo thành hai lớp trong cùng của Trái Đất. Tuy nhiên, chúng không phải luôn ổn định. Một nghiên cứu công bố trên tạp chí Nature Geoscience năm 2020 hé lộ đồng vị sắt có thể dịch chuyển vào lớp phủ, lớp địa chất tiếp theo của Trái Đất bắt đầu ở độ sâu khoảng 2.900 km bên dưới bề mặt hành tinh, theo IFL Science. Thu thập mẫu vật lớp phủ của Trái Đất cực kỳ khó khăn bởi nó nằm quá sâu. Thay vào đó, các nhà khoa học phát hiện thông qua thí nghiệm và lập mô hình địa động lực, chỉ ra cách hợp kim sắt lỏng phản ứng dưới nhiệt độ lên tới 2.000 độ C và áp suất cực hạn như trong lòng đất. Thí nghiệm cho thấy đồng vị sắt dịch chuyển như thế nào dựa trên chênh lệch nhiệt, trong đó đồng vị nặng hơn dịch chuyển tới khu vực mát hơn. Hiệu ứng này nhiều khả năng khiến vật chất ở lõi kim loại xâm nhập vào nhiều nơi ở phần thấp nhất của lớp phủ. Nếu đúng như vậy, kết quả nghiên cứu chứng minh sắt từ lõi đã rò rỉ vào lớp phủ suốt hàng tỷ năm qua, theo Charles Lesher, trưởng nhóm nghiên cứu công bố năm 2020. Lesher là giáo sư danh dự ngành địa chất học ở Đại học California, Davis kiêm giáo sư thạch học ở Đại học Aarhus, Đan Mạch. Đây không phải khu vực duy nhất bên trong Trái Đất có sự vận động. Tương tự vật chất dịch chuyển từ lõi ra ngoài, vật chất khác cũng hướng từ bề mặt tới những lớp bên dưới. Các nhà khoa học khác từng chỉ ra nước từ bề mặt Trái Đất bị đẩy vào lớp phủ đá do quá trình xê dịch của mảng kiến tạo. Một nghiên cứu vào năm 2014 cho thấy vùng chuyển tiếp lớp phủ sâu khoảng 410 - 660 km chứa lớp đá xanh dày đặc. Khoáng chất màu xanh dương này chứa nước, nhưng không phải ở dạng rắn, lỏng hay khí. Thay vào đó, nó tích hợp nước trong một dạng phân tử khác hình thành bên trong cấu trúc tinh thể. Tuy nhiên, ringwoodite (một tảng đá màu xanh nơi nước được giấu kín) hé lộ sự tồn tại của lượng nước lớn sâu trong lòng đất. Các nhà nghiên cứu ước tính nếu chỉ 1% đá ở vùng chuyển tiếp lớp phủ là nước, lượng nước sẽ nhiều gấp gần 3 lần nước ở mọi đại dương gộp lại. Nói cách khác, phần lớn nước trên Trái Đất có thể nằm bên trong lớp phủ của nó, mắc kẹt bên trong cấu trúc tinh thể của ringwoodite. An Khang (Theo IFL Science)"
Máy bay điện lớn nhất thế giới sắp cất cánh                   ,https://vnexpress.net/may-bay-dien-lon-nhat-the-gioi-sap-cat-canh-4821705.html                   ,Mẫu máy bay hoạt động bằng điện sải cánh 32 m của Heart Aerospace có thể cất cánh từ đường băng ngắn và chở 30 hành khách.                                                ,"Mẫu máy bay X1 củaHeart Aerospace. Ảnh: Heart Aerospace Công ty khởi nghiệp Heart Aerospace của Thụy Điển đang chuẩn bị cho chuyến bay đầu tiên của mẫu X1 vào đầu năm sau. Đây là máy bay điện thử nghiệm có kích thước tương đương máy bay thương mại 30 chỗ sắp ra mắt của công ty, New Atlas hôm 28/11 đưa tin. ""Chuyến bay thử nghiệm ban đầu của X1 được thiết kế để kiểm nghiệm những khả năng của công nghệ đẩy điện tiên tiến"", công ty Heart Aerospace cho biết. Đây sẽ là cột mốc quan trọng đối với công ty có trụ sở tại Gothenburg, thành lập vào năm 2019 và đã gọi vốn 145 triệu USD cho kế hoạch tái định hình ngành hàng không trong khu vực. Heart Aerospace giới thiệu X1 hồi tháng 9 và nhấn mạnh phương tiện có kích thước tương tự mẫu ES-30 với sải cánh 32 m. Chuyến bay thử sẽ cất cánh từ sân bay quốc tế Plattsburgh tại New York, một lựa chọn lý tưởng bởi mật độ không lưu thấp cũng như hỗ trợ đối với phát triển và thử nghiệm công nghệ giao thông. Heart Aerospace không nêu rõ X1 có sở hữu tầm hoạt động 200 km không thải khí như ES-30 hay không. Máy bay thương mại ES-30 có thể cất cánh từ đường băng ngắn cỡ 1.100 m nhờ motor điện momen xoắn cao và động cơ turbine cánh quạt. Phương tiện sẽ có hệ thống lai cho phép đạt tầm hoạt động tổng cộng gần 400 km. Với tầm hoạt động tương đối ngắn và chỗ ngồi hạn chế, Heart Aerospace không hướng tới thay thế các hãng hàng không lớn mà tập trung vào kết nối những sân bay nhỏ hơn có diện tích khoảng 0,8 hecta. X1 sẽ trải qua thử nghiệm đầy đủ với những hệ thống chủ chốt để đảm bảo bay an toàn và thành công. Mẫu Heart X2 sẽ học hỏi từ máy bay thử nghiệm đầu tiên và kiểm tra Hệ thống đẩy lai độc lập của công ty vào năm 2026. Ngoài Heart Aerospace, một số công ty khác cũng muốn biến hoạt động bay thương mại không thải khí thành hiện thực. Hồi tháng 1, công ty Elysian thông báo thiết kế máy bay thân nhỏ và cánh dài thấp lấy cảm hứng từ thập niên 1960 của họ có thể chở 90 hành khách với năng lượng từ bộ pin. An Khang (Theo New Atlas)"
Trung Quốc phóng vệ tinh tự lái đầu tiên trên thế giới        ,https://vnexpress.net/trung-quoc-phong-ve-tinh-tu-lai-dau-tien-tren-the-gioi-4821840.html        ,Trung Quốc hôm 25/11 phóng thành công hai vệ tinh tự lái từ Trung tâm Phóng Vệ tinh Tửu Tuyền bằng tên lửa Trường Chinh-2C.                                               ,"Các vệ tinh tự lái Siwei Gaojing-2 03 và Gaojing-2 04 phóng lên không gian. Ảnh: CGTN Hai vệ tinh tự lái đầu tiên trên thế giới, Siwei Gaojing-2 03 và Gaojing-2 04, do Viện Công nghệ Du hành vũ trụ Thượng Hải (SAST) phát triển nhằm thay đổi cách thức quan sát Trái Đất. Khác với vệ tinh truyền thống cần sự điều khiển liên tục từ trạm mặt đất để di chuyển, cặp vệ tinh mới có thể tự duy trì và điều chỉnh quỹ đạo mà không cần con người can thiệp. Để đạt được điều này, các nhà phát triển đã sử dụng nhiều hệ thống tiên tiến cho vệ tinh, bao gồm công nghệ radar khẩu độ tổng hợp (SAR) và radar độ chính xác cao. Công nghệ SAR cho phép cặp vệ tinh nhìn xuyên qua mây, sương mù và bóng tối, cung cấp quan sát liên tục bất kể điều kiện thời tiết hay thời gian trong ngày. Khả năng này rất quan trọng với nhiều ứng dụng, từ giám sát tài nguyên thiên nhiên và hạ tầng đô thị đến hỗ trợ ứng phó thiên tai và giám sát quân sự. Công nghệ vận hành tự động mang lại nhiều lợi ích, giúp giảm nhu cầu điều khiển liên tục từ trạm mặt đất, giải phóng các nguồn lực và nhân sự quý giá. Công nghệ này cũng tăng khả năng phản ứng của các vệ tinh, cho phép chúng nhanh chóng thích ứng với yêu cầu nhiệm vụ thay đổi hoặc sự kiện bất ngờ. Gaojing-2 03 và Gaojing-2 04 nằm trong dự án mạng lưới vệ tinh viễn thám thương mại Siwei. Dự án này do Tập đoàn Khoa học và Công nghệ Hàng không Vũ trụ Trung Quốc (CASC) dẫn đầu, hướng đến thiết lập một mạng lưới gồm ít nhất 28 vệ tinh để cung cấp dữ liệu quan sát Trái Đất toàn diện cho nhiều ngành công nghiệp và ứng dụng khác nhau. Trong lĩnh vực quản lý tài nguyên thiên nhiên, các vệ tinh sẽ đóng góp vào việc theo dõi rừng, nguồn nước, mỏ khoáng sản, cung cấp dữ liệu quý giá cho quản lý tài nguyên bền vững. Khả năng chụp ảnh trong mọi điều kiện thời tiết sẽ cho phép chúng giám sát liên tục những cơ sở hạ tầng quan trọng, hỗ trợ phát hiện vấn đề tiềm ẩn và đảm bảo an toàn công cộng. Trong trường hợp xảy ra thiên tai, chúng có thể nhanh chóng cung cấp hình ảnh của khu vực bị ảnh hưởng, giúp chính quyền đánh giá thiệt hại và tham gia cứu trợ. Thu Thảo (Theo Interesting Engineering)"
Lý giải khoa học phía sau ngọn lửa vĩnh cửu                   ,https://vnexpress.net/ly-giai-khoa-hoc-phia-sau-ngon-lua-vinh-cuu-4821230.html                   ,"Khi khí gas tự nhiên từ mỏ dự trữ sâu trong lòng đất thoát ra từ khe nứt trên đá, nó có thể tự bốc cháy suốt hàng nghìn năm."                                            ,"Ngọn lửa vĩnh cửu phía sau thác nước ở công viên quận Chestnut Ridge. Ảnh: World Atlas Theo Giuseppe Etiope, nhà địa chất học ở Viện Địa vật lý và Núi lửa học Quốc gia tại Rome, Italy, ngọn lửa vĩnh cửu có thể coi là một trường hợp rò rỉ khí gas đặc biệt từ nguồn dự trữ sâu trong lòng đất. Quá trình rò rỉ khí gas xảy ra khi khí dễ cháy tự nhiên dưới lòng đất, chủ yếu là methane, ethane và propane, di chuyển lên mặt đất từ nguồn dự trữ có áp suất thông qua vết nứt hoặc lỗ trong đá. Trong trường hợp đặc thù, khi khí gas lên tới mặt đất có nồng độ methane đủ cao, nó có thể tự bốc cháy. Được tiếp nhiên liệu từ nguồn phát thải khí gas liên tục, một số ngọn lửa có thể cháy suốt hàng nghìn năm nên có tên gọi là ngọn lửa vĩnh cửu, theo National Geographic. Etiope ước tính có chưa đến 50 ngọn lửa vĩnh cửu trên toàn cầu, thường được tìm thấy gần giếng dầu. Chúng tồn tại ở các nước bao gồm Mỹ, Romania, Italy, Turkey, Iraq, Azerbaijan, Đài Loan, Trung Quốc, Ấn Độ và Australia. Một số có thể đã phát triển suốt hàng nghìn hoặc hàng chục nghìn năm, thậm chí cách đây một triệu năm. Một ngọn lửa nổi tiếng nằm bên dưới thác nước 9,8 m ở công viên quận Chestnut Ridge tại New York. Ngọn lửa này cao khoảng 7,6 - 20 cm, tùy theo thời tiết và từng mùa. ""Nó tỏa sáng phía sau bức màn nước rủ xuống"", Arndt Schimmelmann, nhà khoa học Trái Đất ở Đại học Indiana, mô tả. Etiope cũng chia sẻ đây là ngọn lửa vĩnh cửu tự nhiên đẹp nhất mà ông từng thấy. Dù một số đã cháy cả thiên niên kỷ, ngọn lửa vĩnh cửu có thể bị dập tắt. ""Tên gọi 'ngọn lửa vĩnh cửu' dễ gây nhầm lẫn bởi lịch sử địa chất cho thấy không gì tồn tại vĩnh cửu trên Trái Đất"", Schimmelmann cho biết. Một số ngọn lửa có thể tắt do nước mưa, tùy theo cường độ rò rỉ khí gas và điều kiện mặt đất, sau đó chúng có thể tự động cháy lại. Tại Chestnut Ridge, nước bắn tung tóe vào hang động nhỏ có thể dập tắt ngọn lửa. ""Bản thân tôi đã làm vậy vài lần khi lấy mẫu khí gas để phân tích địa hóa học. Đốt lại ngọn lửa mà không bị nước từ thác làm ướt sũng luôn là thách thức lớn"", Schimmelmann chia sẻ. Trên thực tế, ngọn lửa này có thể biến mất do xói mòn tự nhiên khi thác nước rút đi. Mất đi sự che chắn của hang động sẽ khiến ngọn lửa tắt thường xuyên dù dòng khí gas không bị gián đoạn. Rò rỉ hydrocarbon do địa chất, bao gồm ngọn lửa vĩnh cửu, là nguồn khí nhà kính tự nhiên như methane và chất gây ô nhiễm quang hóa học như ethane và propane. Ngọn lửa ở Chestnut Ridge giải phóng khoảng một kilogram methane mỗi ngày. Có quá ít ngọn lửa vĩnh cửu đến mức tác động môi trường của chúng khá nhỏ so với hàng nghìn vụ rò rỉ khí gas trên toàn cầu. Việc khoan khí có thể làm tắt rụi những ngọn lửa vĩnh cửu gần đo thông qua hạ thấp áp suất của mỏ khí gas cung cấp nhiên liệu cho chúng. Ngọn lửa vĩnh cửu trong công viên Chestnut Ridge tồn tại tới ngày nay do không có hoạt động khoan nào diễn ra trong khu vực đó. An Khang (Theo National Geographic)"
Ảnh chụp mặt trăng thứ hai tạm rời xa Trái Đất                ,https://vnexpress.net/anh-chup-mat-trang-thu-hai-tam-roi-xa-trai-dat-4821503.html                ,"Kính viễn vọng Two-Meter Twin ở Tây Ban Nha chụp ảnh 2024 PT5, tiểu hành tinh bị lực hấp dẫn Trái Đất giữ lại hai tháng, rời đi hôm 25/11."                              ,"Mặt trăng nhỏ tạm thời của Trái Đất rời đi ngày 25/11. Ảnh: Kính viễn vọng Two-Meter Twin/Light Bridges/Instituto de Astrofísica de Canarias Trái Đất bắt đầu kéo tiểu hành tinh 2024 PT5 lại vào ngày 29/9/2024. Kể từ đó, nhiều nhà khoa học đã nghiên cứu ""mặt trăng thứ hai"" này, trong đó có Carlos de la Fuente Marcos tại Đại học Complutense de Madrid. Họ biết rằng nó sẽ bị giữ lại không quá vài tuần. Dự đoán này trở thành hiện thực hôm 25/11, khi 2024 PT5 rời khỏi Trái Đất để trở về nơi cư trú quen thuộc trong vành đai tiểu hành tinh Arjuna. Vành đai tiểu hành tinh này quay quanh Mặt Trời theo quỹ đạo gần với Trái Đất, cách Mặt Trời trung bình khoảng 150 triệu km. Với chiều rộng chỉ 11 m, phần lớn người quan sát bầu trời không thể nhìn rõ 2024 PT5. Marcos cùng đồng nghiệp đã nghiên cứu nó với kính viễn vọng wo-Meter Twin tại Santa Cruz de Tenerife, Tây Ban Nha, do Viện Vật lý Thiên văn Canarias (IAC) vận hành. Điều này giúp họ phát hiện nhiều yếu tố về tiểu hành tinh. Ví dụ, dựa vào thành phần cấu tạo, nó có thể là một mảnh của Mặt Trăng bị vỡ ra do va chạm với tiểu hành tinh. ""Bức ảnh 'tạm biệt, hẹn gặp lại' của 2024 PT5 được tiến sĩ Miquel Serra-Ricart, một thành viên trong nhóm chúng tôi, chụp hôm 25/11"", Marcos cho biết. 2024 PT5 sẽ không xa Trái Đất lâu. Theo dữ liệu của Phòng thí nghiệm Sức đẩy Phản lực (JPL) thuộc NASA, tiểu hành tinh này sẽ quay lại vào ngày 9/1/2025. Khi đó, nó thậm chí còn đến gần Trái Đất hơn, chỉ cách 1,8 triệu km. Tuy nhiên, với tốc độ khoảng 3.700 km/h, nó quá nhanh để bị lực hấp dẫn Trái Đất giữ lại lần nữa. Chuyến trở lại tiếp theo dự kiến diễn ra vào năm 2055. ""Gần như chắc chắn rằng 2024 PT5 sẽ quay lại vào năm 2055. Theo dữ liệu mới nhất, nó sẽ có năng lượng địa tâm tổng âm (cần thiết để sự bắt giữ hấp dẫn xảy ra) từ cuối ngày 6/10 đến đầu ngày 14/10/2055. Tuy nhiên, vào thời điểm này, nó vẫn ở cách Trái Đất 5,3 triệu km. Do đó, nó sẽ không trở thành vệ tinh tạm thời của Trái Đất"", Marcos giải thích. Thu Thảo (Theo Space)"
Máu dơi có thể giúp con người ngủ đông để du hành vũ trụ      ,https://vnexpress.net/mau-doi-co-the-giup-con-nguoi-ngu-dong-de-du-hanh-vu-tru-4821232.html      ,"Nếu có thể khai thác khả năng thích nghi độc đáo của máu dơi khi ngủ đông, các phi hành gia có thể vượt qua chuyến bay dài hàng thập kỷ tới ngôi sao khác trong vũ trụ." ,"Nyctalus noctula là một trong những loài dơi ngủ đông. Ảnh: EUNIS Một giải pháp tiềm năng để du hành vũ trụ là ngủ đông bởi giới khoa học cho rằng cách này có thể giúp phi hành gia chịu được chuyến bay dài ngày giữa các vì sao. NASA đã tìm hiểu ý tưởng đó suốt nhiều năm, thậm chí nghiên cứu mô hình ngủ đông của sóc đất Bắc Cực. Tuy nhiên, nghiên cứu công bố trên tạp chí Proceedings of the National Academy of Sciences của một nhóm chuyên gia Đức, đứng đầu là Gerald Kerth ở Đại học Greifswald, tập trung vào loài dơi để khám phá khả năng ngủ đông hiệu quả, Interesting Engineering hôm 27/11 đưa tin. Kerth và cộng sự nghiên cứu vai trò của erythrocyte, một loại tế bào hồng cầu đặc biệt, trong quá trình ngủ đông. Họ tiến hành phân tích tổng quát với erythrocyte lấy từ cả dơi ngủ đông (Nyctalus noctula) và dơi không ngủ đông (Rousettus aegypticus), cũng như mẫu vật máu người. Việc hiểu rõ những tế bào máu này điều chỉnh thế nào trong suốt quá trình ngủ đông rất quan trọng, bởi động vật ngủ đông vẫn cần vận chuyển oxy tới các mô ngay cả khi nhiệt độ cơ thể giảm đáng kể. Nhóm nghiên cứu nhận thấy tế bào máu biến đổi hình dáng để phản ứng trước thay đổi về áp suất và kích thước mạch máu. Điều này thôi thúc họ tìm hiểu liệu điều kiện cực hạn trong khi ngủ đông có thể kích hoạt thay đổi ở tế bào máu hay không. Kết quả là họ phát hiện khi nhiệt độ bên trong của các loài ngủ đông giảm từ 37,2 xuống khoảng 22,8 độ C, cấu trúc erythrocyte của tất cả loài được kiểm tra đều có sự biến đổi lớn. Tế bào trở nên kém co giãn và nhớt hơn, hé lộ thích nghi sinh lý để bảo tồn năng lượng trong điều kiện lạnh. Nghiên cứu cũng cho thấy một khác biệt chủ chốt. Trong khi erythrocyte ở dơi tiếp tục biến đổi ở điều kiện nhiệt độ xuống tới 10 độ C, tế bào máu của con người phản ứng chững lại. Phát hiện chứng tỏ dơi sở hữu thích nghi độc đáo cho phép chúng chịu đựng môi trường lạnh cực hạn, đặc điểm có thể khai thác cho những ứng dụng tiềm năng ở người. Ngủ đông là chiến thuật sinh học chủ chốt đối với nhiều động vật có vú, cho phép chúng bảo tồn năng lượng và sống sót khi đối mặt với tài nguyên khan hiếm. Nếu con người muốn du hành tới những ngôi sao lân cận như Proxima Centauri cách 4,24 năm ánh sáng, ngay cả ở tốc độ gần bằng vận tốc ánh sáng, chuyến đi có thể kéo dài hàng thập kỷ. Do đó, ngủ đông có thể cần thiết đối với nhiệm vụ không gian trong tương lai. Trong khi ứng dụng ngủ đông vào du hành không gian là mục tiêu dài hạn, kết quả nghiên cứu có thể tạo ra cuộc cách mạng trong y khoa. Các nhà khoa học tin rằng hiểu rõ cách điều khiển đặc điểm cơ học của hồng cầu giúp tối ưu hóa sự tuần hoàn của dược phẩm. An Khang (Theo Interesting Engineering)"
Phát hiện 'thành phố dưới băng' thời Chiến tranh Lạnh         ,https://vnexpress.net/phat-hien-thanh-pho-duoi-bang-thoi-chien-tranh-lanh-4821311.html           ,"Century, căn cứ quân sự Mỹ hoạt động bằng năng lượng hạt nhân bị bỏ hoang hàng chục năm, nằm sâu hàng chục mét dưới băng Greenland."                                     ,"Máy bay trang bị radar của NASA bay qua Greenland và chụp ảnh căn cứ Century. Ảnh: NASA/JPL-Caltech/NASA Earth Observatory Tháng 4, khi bay qua miền bắc Greenland, nhà khoa học NASA Chad Greene cùng các kỹ sư bất ngờ khi radar phát hiện một công trình nhân tạo bị vùi sâu dưới băng, CBS News hôm 27/11 đưa tin. Khi đó, họ đang dùng máy bay NASA Gulfstream III để rà quét vùng băng rộng lớn với một số nơi dày hơn 1,7 km. ""Ban đầu chúng tôi không biết đó là gì. Chúng tôi đang tìm kiếm nền băng và căn cứ Century bất ngờ xuất hiện"", Greene cho biết. Đây là căn cứ quân sự thời Chiến tranh Lạnh do công binh lục quân Mỹ xây dựng năm 1959. Được mệnh danh ""thành phố dưới băng"", khu phức hợp này gồm một mạng lưới đường hầm đào dưới tấm băng. Công trình bị bỏ hoang vào năm 1967. Qua thời gian, nó bị vùi lấp khoảng 30 mét dưới bề mặt khi tuyết và băng tích tụ. Căn cứ Century nằm trong Dự án Iceworm, kế hoạch bí mật nhằm thử nghiệm xây dựng bệ phóng tên lửa hạt nhân dưới tấm băng Greenland trong thời kỳ Chiến tranh Lạnh, khi căng thẳng giữa Mỹ và Liên Xô lên cao. Tên lửa hạt nhân đã không thể đến căn cứ vì không được chính phủ Đan Mạch, quốc gia nắm giữ chủ quyền với Greenland, cấp phép. Tuy nhiên, khu phức hợp này hoạt động bằng lò phản ứng hạt nhân, để lại một lượng lớn rác thải phóng xạ, chất thải hóa học và sinh học. ""Thành phố dưới băng"" đã được phát hiện qua một số lần quét radar trước đó, nhưng các thiết bị trong chuyến bay của NASA hồi tháng 4 cung cấp bức tranh chi tiết hơn. ""Trong dữ liệu mới, từng cấu trúc trong thành phố bí mật hiện rõ theo cách chưa từng thấy trước đây"", Greene, chuyên gia tại Phòng thí nghiệm Sức đẩy Phản lực (JPL) thuộc NASA, cho biết. Các lần quét trước sử dụng loại radar hướng thẳng xuống đất và chỉ tạo ra bản quét hai chiều của cấu trúc vùi dưới băng. Chuyến bay của Greene sử dụng Radar Khẩu độ Tổng hợp Máy bay Không người lái (UAVSAR) của NASA, có thể lập bản đồ với nhiều chiều hơn. ""Các nhà khoa học đã dùng bản đồ lập bởi radar truyền thống để kiểm chứng những ước tính về độ sâu của căn cứ Century. Điều này giúp ước tính khi nào việc tấm băng mỏng dần và tan chảy sẽ khiến căn cứ lộ ra, kéo theo những chất thải sinh học, hóa học và phóng xạ từng bị chôn cùng căn cứ"", Đài quan sát Trái Đất NASA cho biết. Một nghiên cứu năm 2016 cũng cho thấy căn cứ Century không còn được coi là ""bảo tồn vĩnh viễn"" do biến đổi khí hậu làm tăng tốc độ băng ở khu vực Bắc Cực tan chảy. Giới khoa học chưa rõ liệu thảm họa có xảy ra ở căn cứ này hay không, nhưng những dự án nghiên cứu như dự án hồi tháng 4 của NASA có thể giúp theo dõi tình hình. ""Nếu không có kiến thức chi tiết về độ dày của băng, chúng ta không thể biết được các tấm băng sẽ phản ứng thế nào với tình trạng đại dương và khí quyển ấm lên nhanh chóng, làm hạn chế đáng kể khả năng dự đoán tốc độ nước biển dâng"", Gardner lưu ý. Thu Thảo (Theo CBS News, IFL Science)"
Kế hoạch xây màn khổng lồ bao trùm Nam Cực có vấn đề          ,https://vnexpress.net/ke-hoach-xay-man-khong-lo-bao-trum-nam-cuc-co-van-de-4820787.html          ,Các nhà nghiên cứu lo ngại kế hoạch xây dựng màn che khổng lồ để bảo vệ thềm băng Nam Cực có thể dấy lên căng thẳng chính trị giữa các nước.                              ,"Nam Cực mất khoảng 17 triệu tấn băng mỗi giờ. Ảnh: Mozgova Trong tình hình các vùng cực đang tan chảy ở tốc độ chóng mặt, những nhà khoa học nảy ra ý tưởng xây dựng một màn che khổng lồ dưới nước bao quanh thềm băng để bảo vệ thế giới khỏi mực nước biển dâng cao. Trong nghiên cứu công bố trên tạp chí International Affairs, một nhóm chuyên gia quan hệ quốc tế cảnh báo kế hoạch này có thể dẫn tới nhiều rắc rối chưa từng thấy, IFL Science hôm 26/11 đưa tin. Kế hoạch đề xuất trong một bài báo hồi tháng 1/2024 trên tạp chí Nature kêu gọi xây dựng một màn che nổi cao 100 m neo vào đáy biển, trải dài 80 km quanh những thềm băng có nguy cơ cao nhất như thềm băng Tây Nam Cực. Các tác giả của bài báo thừa nhận họ không hoàn toàn rõ liệu ý tưởng có hiệu quả hay không, nhưng cho rằng đây là một giải pháp cần khám phá để ngăn chặn mực nước biển dâng cao trong vài thập kỷ tới. Trong nghiên cứu mới, một số chuyên gia cho rằng siêu dự án địa kỹ thuật trên có khả năng biến Nam Cực thành ""chủ thể gây bất hòa trên trường quốc tế"". Hàng chục nước đã ký Hệ thống Hiệp ước châu Nam Cực vào năm 1959, cấm hoạt động quân sự, thử nghiệm hạt nhân và khai thác mỏ trong khu vực. 7 nước gồm Argentina, Australia, Chile, Pháp, New Zealand, Na Uy và Anh đã tuyên bố chủ quyền lãnh thổ ở Nam Cực, nhưng tuyên bố của họ bị vô hiệu hóa bởi hiệp ước. Theo kết quả nghiên cứu, dự án Ice Sheet Curtain có thể làm đảo lộn hòa bình lâu dài thông qua khuấy động những tranh cãi mới về chủ quyền, trách nhiệm và an ninh. Dù Hệ thống Hiệp ước châu Nam Cực gác lại các tuyên bố về lãnh thổ, nó không giúp giải quyết tranh chấp, do đó hoạt động như địa kỹ thuật có thể bị đánh đồng là phục vụ lợi ích của quốc gia nào đó, theo Shibata Akiho, nhà nghiên cứu luật quốc tế ở Đại học Kobe, Nhật Bản. Kobe và cộng sự xem xét những bất đồng trước đây để tìm hiểu liệu có thể xử lý tình huống hay không. Ví dụ, nhóm nghiên cứu chỉ ra một cuộc tranh cãi dữ dội xoay quanh khai thác khoáng sản ở Nam Cực nổ ra vào thập niên 1980, nhưng được giải quyết thành công bởi Nghị định thư về bảo vệ môi trường đối với Hiệp ước Nam Cực năm 1991, nghiêm cấm khai thác khoáng sản vĩnh viễn tại đây. An Khang (Theo IFL Science)"
Nguyên mẫu máy bay siêu thanh Mỹ đạt độ cao hơn 7.600 m       ,https://vnexpress.net/nguyen-mau-may-bay-sieu-thanh-my-dat-do-cao-hon-7-600-m-4820620.html       ,"Startup Mỹ Boom Supersonic thực hiện chuyến bay thứ 8 cho máy bay XB-1, lập kỷ lục độ cao mới và đạt tốc độ tối đa gần Mach 1."                                          ,"Máy bay thử nghiệm XB-1. Ảnh: Boom Supersonic Boom Supersonic đang thực hiện những bước quan trọng để đưa máy bay siêu thanh thương mại trở lại bầu trời, Interesting Engineering hôm 25/11 đưa tin. Máy bay thử nghiệm XB-1 của công ty đã hoàn thành chuyến bay thứ 8 hôm 16/11. XB-1 là phiên bản thu nhỏ mà Boom Supersonic sử dụng làm nền tảng phát triển máy bay Overture với mục tiêu hồi sinh hoạt động bay chở khách siêu thanh thương mại. Trong chuyến bay mới, XB-1 đạt độ cao ấn tượng 7.632 m, cao nhất từ trước đến nay. Chuyến bay kéo dài 54 phút, trong đó máy bay đạt tốc độ tối đa Mach 0,82, bằng với kỷ lục tốc độ trước đó. Kế hoạch của Boom Supersonic bao gồm một số chuyến bay cận âm nữa trước khi máy bay vượt qua rào cản âm thanh. Công ty đặt mục tiêu đạt Mach 1 hay tốc độ âm thanh, tương đương 1.234 km/h. Trước đó, ngày 5/11, XB-1 đã hoàn thành chuyến bay cận âm thứ 7. Chuyến bay thử nghiệm mở rộng giới hạn rung và áp suất buồng lái, đạt tốc độ tối đa mới Mach 0,82. Nhóm chuyên gia cũng thử nghiệm hệ thống kích thích rung (FES) ở tốc độ lên tới Mach 0,8 nhằm đảm bảo hiệu suất ổn định ở tốc độ cận âm. Tốc độ siêu thanh tạo ra tiếng nổ siêu thanh - tiếng ồn lớn, vang dội sinh ra khi phá vỡ rào cản âm thanh. Các chuyến bay siêu thanh từng được tiến hành, nhưng tiếng nổ siêu thanh đã khiến Cục Hàng không Liên bang Mỹ (FAA) cấm các chuyến bay siêu thanh dân dụng trên đất liền vào năm 1973. Ngoài Boom Supersonic, NASA cũng đang nỗ lực tìm cách giảm tác động của tiếng nổ siêu thanh. Cơ quan này đang phát triển máy bay siêu thanh X-59, được thiết kế để tạo tiếng nổ siêu thanh nhỏ hơn nhiều. Hình dáng dài, mảnh với sải cánh hẹp của X-59 giúp giảm đáng kể tiếng ồn. Dù phiên bản thử nghiệm XB-1 sẽ có khả năng vượt Mach 1, Boom Supersonic dự định cho máy bay Overture bay ở tốc độ Mach 0,94 trên đất liền - nhanh hơn khoảng 20% so với các chuyến bay cận âm thông thường. Bằng cách giữ máy bay di chuyển dưới tốc độ âm thanh, công ty hy vọng tránh được tác động của tiếng nổ siêu thanh. Thu Thảo (Theo Interesting Engineering)"
Lò phản ứng hạt nhân tự nhiên duy nhất trên Trái Đất          ,https://vnexpress.net/lo-phan-ung-hat-nhan-tu-nhien-duy-nhat-tren-trai-dat-4820788.html          ,"Hàng tỷ năm trước khi con người bắt đầu xây lò phản ứng hạt nhân, phản ứng phân hạch tự nhiên bền vững của uranium đã diễn ra ở vùng mỏ Oklo tại Gabon."                 ,"Mỏ quặng ở Oklo, Gagon. Ảnh: Robert D. Loss Vào tháng 5/1972, một nhà vật lý ở nhà máy xử lý hạt nhân tại Pierrelatte, Pháp, tiến hành phân tích mẫu vật uranium và phát hiện điều bất thường. Trong quặng uranium thông thường, có 3 loại đồng vị khác nhau được tìm thấy là uranium 238, uranium 234, và uranium 235. Trong số này, uranium 238 dồi dào nhất trong khi uranium 234 hiếm nhất. Đồng vị uranium 235 chiếm khoảng 0,72% quặng uranium và được yêu thích nhất. Nếu làm giàu trên 3%, nó có thể được dùng để tạo ra phản ứng hạt nhân bền vững. Trong mẫu vật từ mỏ Oklo ở Gabon, châu Phi, đồng vị uranium 235 chiếm 0,717% tổng số. Đây là điều khá kỳ lạ. Theo Cơ quan năng lượng nguyên tử quốc tế (IAEA), tất cả uranium tự nhiên hiện nay chứa 0,720% uranium 235. Nếu khai thác từ vỏ Trái Đất hoặc từ đá trên Mặt Trăng hay thiên thạch, đó là những gì chúng ta sẽ tìm thấy, nhưng mẫu đá từ Oklo chỉ chứa 0,717%. Khi tìm hiểu kỹ hơn, các nhà khoa học nhận thấy những quặng khác trong vùng chứa lượng đồng vị uranium 235 thậm chí còn ít hơn, chỉ khoảng 0,4%. Lúc đầu, họ cho rằng các mỏ uranium buộc phải trải qua phản ứng phân hạch hạt nhân bền vững. Tuy nhiên, kết quả phân tích sâu hơn cho thấy uranium đã trải qua phản ứng phân hạch hạt nhân tự nhiên bền vững trong hơn hai tỷ năm. Theo kết quả kiểm tra sơ bộ, Bodu và đồng nghiệp kết luận sự thiếu hụt uranium 235 ở Oklo có thể do phân đoạn đồng vị hoặc phản ứng chuỗi tự nhiên. Không lâu sau, phản ứng chuỗi được xác nhận nhờ phân tích cho thấy sự dồi dào khác thường của đồng vị đất hiếm và quang phổ krypton - xenon thường gặp ở phản ứng phân hạch uranium 235. Những điều kiện cho phản ứng như vậy ít có khả năng tồn tại ngày nay. Trong quá khứ, lượng đồng vị uranium 235 tại khu vực phải cao hơn nhiều. Trên hết, khu vực này phải chứa đầy nước ngầm để duy trì phản ứng, tương tự nước được sử dụng trong lò phản ứng hạt nhân hiện đại để làm chậm neutron sản sinh bởi phản ứng phân hạch. Khi nước nóng lên và thoát đi dưới dạng hơi, neutron không di chuyển chậm nữa và thất thoát, không tạo thêm phản ứng khiến quá trình phân hạch dừng lại. Cuối cùng, sau hàng nghìn năm, lò phản ứng hạt nhân đầu tiên trên thế giới dần dần ngừng hoạt động. An Khang (Theo IFL Science)"
Tên lửa SpaceX sẽ phóng trực thăng hạt nhân của NASA          ,https://vnexpress.net/ten-lua-spacex-se-phong-truc-thang-hat-nhan-cua-nasa-4821126.html          ,"NASA hôm 25/11 thông báo, tên lửa Falcon Heavy của SpaceX sẽ phóng trực thăng Dragonfly trị giá 3,35 tỷ USD vào tháng 7/2028, hướng tới mặt trăng sao Thổ."              ,"Minh họa trực thăng Dragonfly bay trên bầu trời vệ tinh lớn nhất của sao Thổ, Titan. Ảnh: NASA/Johns Hopkins APL/Steve Gribben Tên lửa hạng nặng Falcon Heavy từng phóng tàu thăm dò tiểu hành tinh Psyche của NASA và tàu vũ trụ Europa Clipper của NASA lần lượt vào tháng 10/2023 và tháng 10/2024. Tháng 7/2028, nó sẽ tiếp tục đưa trực thăng Dragonfly của NASA tới mặt trăng Titan của sao Thổ, nghiên cứu tiềm năng hỗ trợ sự sống của thiên thể này. Nếu mọi việc diễn ra theo kế hoạch, Dragonfly, trực thăng với kích thước tương đương ôtô, sẽ mất 6 năm để đến Titan, mặt trăng lớn thứ hai trong hệ Mặt Trời, chỉ sau mặt trăng Ganymede của sao Mộc. Kích thước không phải điểm hấp dẫn duy nhất của Titan. Mặt trăng băng giá này có những biển và hồ hydrocarbon, là thiên thể duy nhất được biết đến ngoài Trái Đất có chất lỏng ổn định trên bề mặt. Ngoài ra, các hợp chất hữu cơ - khối xây dựng sự sống chứa carbon - cũng phổ biến tại đây. Một số nhà khoa học cho rằng Titan có thể hỗ trợ sự sống - trên bề mặt hoặc dưới đại dương ngầm tiềm năng chứa nước lỏng. Dragonfly được thiết kế để tìm hiểu vấn đề đó và làm sáng tỏ thông tin về một thế giới còn nhiều bí ẩn. Trực thăng chạy bằng năng lượng hạt nhân này dự kiến hoạt động khoảng 2,5 năm trên bề mặt Titan, di chuyển từ nơi này đến nơi khác để quan sát kỹ nhiều cảnh quan khác nhau. Dragonfly đã trải qua một số lần chậm trễ và tăng chi phí trong quá trình phát triển. Khi NASA lựa chọn nhiệm vụ này vào năm 2019, chi phí được giới hạn ở mức 1 tỷ USD và mục tiêu phóng là năm 2027. Nhưng hiện tại, chi phí lên tới 3,35 tỷ USD với thời điểm phóng dự kiến lùi đến năm 2028. Đến nay, Falcon Heavy đã thực hiện 11 lần phóng. Với sức đẩy khoảng 2.300 tấn, Falcon Heavy là tên lửa mạnh thứ hai đang hoạt động, sau tên lửa mặt trăng Hệ thống Phóng Không gian (SLS) của NASA. Tuy nhiên, hệ thống tên lửa Starship của SpaceX sẽ giành danh hiệu này khi đi vào hoạt động. Thu Thảo (Theo Space)"
Thả phao bảo vệ rạn san hô ở Cát Bà                           ,https://vnexpress.net/tha-phao-bao-ve-ran-san-ho-o-cat-ba-4821657.html                           ,"Hải PhòngBão Yagi làm bay mất 45 quả phao ở đảo Cát Bà, lực lượng chức năng lắp lại để khoanh vùng bảo vệ rạn san hô."                                                   ,"Chiều 28/11, trong buổi tổng kết chương trình thả phao khoanh vùng sinh thái bảo vệ san hô tại vườn quốc gia Cát Bà do Liên minh Bảo tồn thiên nhiên quốc tế (IUCN) tổ chức, ông Nguyễn Văn Thịu, Giám đốc Vườn quốc gia Cát Bà cho biết do ảnh hưởng của bão Yagi đã cuốn trôi 45 quả phao phân vùng sinh thái rạn san hô lắp (trong đó 40 quả lắp từ năm 2013, 5 quả lắp năm 2023). Từ tháng 10 đến nay, cùng với sự hỗ trợ của IUCN đơn vị này đã tiến hành thả 5 quả phao tại các vị trí có hoạt động của ngư dân và du lịch sinh thái. Thả phao bảo vệ rạn san hô ở Cát Bà. Ảnh: G.C Từ năm 2021, IUCN và vườn quốc gia Cát Bà đã thực hiện dự án giám sát rạn san hô để đề xuất các biện pháp quản lý hiệu quả. Qua hai năm thực hiện tại ba khu vực là Vạn Tà, Ba Đình và Giỏ Cùng cho thấy độ phủ trung bình của các rạn san hô đều tăng, nhưng chậm, thành phần loài có độ đa dạng thấp. Tiến sĩ Nguyễn Đăng Ngải, Viện phó Tài nguyên và Môi trường biển nhận định, các rạn san hô ở Cát Bà chủ yếu bị tác động bởi hoạt động nuôi trồng, khai thác thủy sản, đánh cá bằng các phương thức hủy diệt, hoạt động dịch vụ du lịch sinh thái biển. ""Do đó việc đặt phao cảnh báo để hạn chế các hoạt động trên là cần thiết. Tuy nhiên, do diện tích khu vực lớn nhưng hiện số lượng phao còn hạn chế nên cần phải xác định khu vực có nhiều san hô cũng như chịu nhiều tác động của con người để đặt cảnh báo"", tiến sĩ Ngải nói. Chuyên gia này cho rằng, sau bão Yagi những thiệt hại ở trên cạn có thể đã được xác định tuy nhiên dưới đại dương cũng có những thiệt hại nhất định. Do đó, tiến sĩ Ngải đề nghị cần có nghiên cứu xác định thiệt hại, đặc biệt là với các rạn san hô. Rạn san hô tại Cát Bà. Ảnh: IUCN Trong hai năm 2023-2024, IUCN đã thiết lập hệ thống 23 phao neo phân vùng sinh thái rạn san hô tại một số khu vực có phân bố rạn san hô còn tốt cần được bảo vệ như khu vực Vạn Tà, Ba Đình, Giỏ Cùng và Cát Dứa với diện tích mặt biển khoảng 34 ha. Vườn quốc gia Cát Bà được thành lập năm 1986, có tổng diện tích hơn 17.000 ha. Theo các đánh giá của các nhà khoa học, Vườn quốc gia Cát Bà là nơi chứa đựng giá trị cao về cảnh quan thiên nhiên, đa dạng sinh học và đa dạng hệ sinh thái. Đây cũng là vùng lõi của Khu dự trữ sinh quyển thế giới quần đảo Cát Bà và là vùng lõi của Di sản thiên nhiên thế giới Vịnh Hạ Long - quần đảo Cát Bà. Gia Chính"
Dùng xe buýt triển lãm bảo vệ động vật hoang dã               ,https://vnexpress.net/dung-xe-buyt-trien-lam-bao-ve-dong-vat-hoang-da-4821044.html               ,Các cuộc triển lãm bảo vệ động vật hoang dã trên xe buýt tại Hà Nội sẽ được triển khai từ tháng 12/2024 sau 6 năm ấp ủ ý tưởng.                                           ,"Thông tin được ông Nguyễn Văn Thái, Giám đốc Trung tâm Bảo tồn động vật hoang dã tại Việt Nam (SVW) cho biết tại hội thảo Giới thiệu Trung tâm thiên nhiên lưu động, chiều 27/11. Triển lãm thiên nhiên lưu động triển khai tại 54 điểm ở Hà Nội gồm các địa điểm trường học, trung tâm thương mại, phố đi bộ, công viên. Dự kiến sẽ có ba chiếc xe buýt được hoán cải thành ba xe lưu động triển lãm. Xe thứ nhất với tên gọi ""rừng xanh diệu kỳ"" khi du khách thăm quan sẽ chiếu phim thực tế ảo VR đem lại trải nghiệm về thiên nhiên hùng vĩ với các bộ thuyết minh, tương tác bằng mẫu vật. Xe thứ hai với tên gọi ""rừng lặng"" sẽ là bảo tàng của những điều còn sót lại và những điều đã biến mất mãi mãi. Đơn vị thực hiện kỳ vọng ở xe thứ hai này sẽ kích thích điểm chạm phẫn nộ qua việc tìm hiểu hậu quả của việc tiêu thụ động vật hoang dã về sức khỏe, pháp luật. Mô phỏng xe bus triển lãm bảo vệ động vật hoang dã. Ảnh: SVW Thứ ba là xe với tên ""về nhà"" sẽ giúp người xem hiểu trách nhiệm của cá nhân với cộng đồng thông qua bốn hành động ""từ chối, lên tiếng, tẩy chay, thông báo vi phạm. ""Trung tâm sẽ không chỉ là triển lãm lướt qua bằng việc xem ảnh mà chúng tôi muốn kết nối mọi người cảm nhận như đang ở trong các cánh rừng, nhìn thấy động vật hoang dã và mình là một phần trong đó"", ông Thái nói. Ông kỳ vọng từ những cảm nhận thực tế sẽ giúp người xem thấm thía nỗi đau khi mất đi động vật hoang dã. Ngoài ba xe buýt, tại khu vực triển lãm sẽ có hệ thống sân khấu, trò chơi để giúp mọi người tương tác, trải nghiệm. Tại đây, du khách sẽ được phát thiết bị nghe để có thể cảm nhận ở mỗi chủ đề. Cùng với đó, đơn vị vận hành sẽ xây dựng hệ thống giải thưởng là các chuyến trải nghiệm miễn phí tại các khu bảo tồn thiên nhiên, vườn quốc gia. Cá thể Tê Tê được SVW cứu hộ tháng 11/2024. Ảnh: Đơn vị cứu hộ cung cấp Ông Đoàn Hoài Nam, Cục phó Lâm nghiệp (Bộ Nông nghiệp và Phát triển nông thôn) cho rằng đây là ý tưởng mới được kỳ vọng sẽ lan tỏa rộng, đạt hiệu quả tuyên truyền, giáo dục cao. Theo ông Nam, ở thành phố nhiều người muốn vào rừng nhưng cũng chưa có cơ hội. ""Qua dự án này sẽ có nhiều người hơn hiểu và mong muốn đến với rừng để cảm nhận những điều tuyệt vời mà thiên nhiên đem lại"", ông nói thêm. Việt Nam là một trong 14 quốc gia có mức độ đa dạng sinh học cao nhất thế giới, là mái nhà của 10.000 loài động vật khác nhau gồm hơn 310 loài thú, 469 loài bò sát, 916 loài chim, 7.750 loài côn trùng và hơn 20.000 loài thực vật. Tuy nhiên, theo SVW có 29 loài được cho là đã hoặc có thể biến mất ngoài tự nhiên. Trong đó Hổ Đông dương biến mất năm 1999, Báo hoa mai năm 2008, Chó rừng, Báo gấm năm 2004, Sao La năm 2015, Hươu vàng năm 1980, Tê giác Java năm 2010, Gà lôi lam mào trắng năm 2000, Rùa Trung bộ năm 2013. Gia Chính"
Mùi hôi lạ từ tàu Nga khiến phi hành gia phải đóng cửa        ,https://vnexpress.net/mui-hoi-la-tu-tau-nga-khien-phi-hanh-gia-phai-dong-cua-4820799.html        ,"Mùi hôi lạ có thể do khí thoát ra từ các vật liệu bên trong tàu vũ trụ chở hàng Progress của Nga, nhưng không gây nguy hiểm."                                            ,"Tàu vũ trụ Progress của Nga tiến đến gần Trạm Vũ trụ Quốc tế (ISS) để ghép nối hôm 23/11. Ảnh: NASA Phi hành gia trên Trạm Vũ trụ Quốc tế (ISS) gặp sự cố kỳ lạ khi mở cửa tàu vũ trụ Progress, tàu vũ trụ Nga mang theo nhiều tấn thực phẩm, nhiên liệu và vật tư, cập bến tại module Poisk của Nga hôm 23/11. Họ phát hiện mùi hôi lạ bốc ra và những giọt chất lỏng lơ lửng trong không khí. Điều này khiến các phi hành gia lập tức đóng cửa sập của tàu Progress. Module của Nga cũng bị đóng cửa, ngăn cách với phần còn lại của trạm ISS trong khi chất lượng không khí được kiểm tra và làm sạch. ""Sau khi mở cửa sập của tàu vũ trụ Progress, các phi hành gia từ cơ quan vũ trụ Nga Roscosmos phát hiện mùi lạ và những giọt chất lỏng nhỏ, khiến họ đóng cửa module Poisk"", NASA viết trên mạng xã hội X hôm 24/11. NASA sau đó cho biết, mùi đã giảm bớt và việc dỡ hàng trên tàu Progress diễn ra hôm 25/11. ""Phi hành đoàn báo cáo rằng mùi lạ nhanh chóng biến mất và hoạt động chuyển hàng đang diễn ra theo lịch trình"", cơ quan này viết. NASA nhấn mạnh rằng mùi hôi không khiến phi hành đoàn và ISS gặp nguy hiểm. Theo NASA, mùi hôi có thể do khí thoát ra từ những vật liệu bên trong tàu vũ trụ chở hàng, nhưng không cung cấp thêm thông tin chi tiết. Theo quy trình tiêu chuẩn, các máy lọc không khí và cảm biến chất ô nhiễm trên ISS đã theo dõi không khí trong trạm. Bộ phận điều khiển chuyến bay cũng đánh giá rằng chất lượng không khí của ISS ở mức bình thường. Các phi hành gia làm việc trong module Poisk chỉ mặc thêm thiết bị bảo hộ trong thời gian ngắn như một biện pháp phòng ngừa. Cửa sập giữa phần của Nga và Mỹ trên trạm ISS thường xuyên đóng trong thời gian gần đây. 5 năm qua, phía Nga liên tục xảy ra rò rỉ không khí. NASA và Roscosmos đang tiếp tục xử lý rò rỉ. Sự rò rỉ này không gây rủi ro tức thời cho các phi hành gia hay hoạt động của trạm ISS, theo NASA. Tàu Progress vẫn sẽ ở lại ISS nhiều tháng sau khi dỡ hàng. Các phi hành gia sẽ chất đầy rác và vật dụng bỏ đi khác lên tàu trước khi nó tách ra, lao xuống khí quyển và cháy rụi vào năm 2025. Thu Thảo (Theo Space)"
Thử nghiệm tên lửa gây cháy lớn tại trung tâm vũ trụ Nhật     ,https://vnexpress.net/thu-nghiem-ten-lua-gay-chay-lon-tai-trung-tam-vu-tru-nhat-4820789.html     ,Đám cháy lớn bùng phát hôm 26/11 tại Trung tâm Vũ trụ Tanegashima trở thành sự cố mới nhất trong chương trình không gian đầy tham vọng của nước này.                      ,"Đám cháy lớn bùng phát tại Trung tâm Vũ trụ Tanegashima khi thử nghiệm tên lửa nhiên liệu rắn Epsilon S. Video: NHK/AFP Cuộc thử nghiệm động cơ tầng thứ hai của tên lửa Epsilon S sắp ra mắt của Nhật Bản đã kết thúc bằng một vụ nổ sau khoảng 49 giây. Đây là lần thứ hai trong vòng chưa đầy hai năm, động cơ này gặp sự cố khi thử nghiệm. Vụ nổ gây ra đám cháy lớn với những cột khói bốc lên cao, dù hiện chưa ghi nhận trường hợp thương tích nào. Tên lửa nhiên liệu rắn Epsilon S do Cơ quan Thám hiểm Hàng không Vũ trụ Nhật Bản (JAXA) phát triển. Sự cố của động cơ cao 3,2 m đặt ra câu hỏi về tiến độ phát triển mẫu tên lửa. Phương tiện này được cho là sẽ thực hiện chuyến bay đầu tiên vào tháng 3/2025, giúp đưa một vệ tinh Việt Nam lên quỹ đạo. Vài giờ sau vụ nổ, JAXA vẫn chưa rõ nguyên nhân. Cơ quan này sẽ cần ít nhất vài tháng để xác định nguyên nhân, thực hiện các điều chỉnh và nếu cần thiết, tiến hành một thử nghiệm đốt cháy khác, theo Takayuki Imoto, quản lý dự án tại JAXA. Ông cũng cho biết, sự cố mới nhất sẽ ảnh hưởng đáng kể đến tiến độ thực hiện sứ mệnh không gian của JAXA. ""Chúng tôi vô cùng xin lỗi vì không thể đáp ứng được kỳ vọng. Chúng tôi có thể học hỏi từ thất bại và sẽ tận dụng cơ hội này để phát triển một tên lửa đáng tin cậy hơn"", Imoto phát biểu tại buổi họp báo sau vụ nổ. Tháng 7/2023, một động cơ của Epsilon S cũng phát nổ khoảng 50 giây sau khi khai hỏa trong một thử nghiệm khác. Lần đó, một mảnh kim loại từ bộ phận đánh lửa bị chảy và làm hỏng lớp cách nhiệt bao bọc động cơ, khiến nhiên liệu bắt lửa. Tên lửa Epsilon S được thiết kế như một phương tiện phóng vệ tinh, giúp tăng cường sự hiện diện của Nhật Bản ở quỹ đạo Trái Đất tầm thấp. Các quan chức chính phủ Nhật Bản mô tả đây là phương tiện chủ lực cho ngành vũ trụ đang phát triển của nước này. ""Việc phát triển các tên lửa chủ lực như Epsilon S cực kỳ quan trọng nhằm đảm bảo tính tự chủ trong quá trình phát triển không gian của Nhật Bản"", Chánh Văn phòng Nội các Nhật Bản Yoshimasa Hayashi chia sẻ. Thu Thảo (Theo AFP, Space)"
Mặt Trời đẩy 3 vệ tinh rơi xuống khỏi quỹ đạo Trái Đất        ,https://vnexpress.net/mat-troi-day-3-ve-tinh-roi-xuong-khoi-quy-dao-trai-dat-4820479.html        ,"Đầu tháng 11, ba vệ tinh Australia lao xuống và cháy rụi trong khí quyển Trái Đất do sự gia tăng hoạt động của Mặt Trời."                                                ,"Mô phỏng vệ tinh Binar hoạt động trên quỹ đạo. Ảnh: Spaceanddefense Khi hoạt động trên quỹ đạo Trái Đất thấp (ở độ cao 2.000 km trở xuống), các vệ tinh đều sẽ trải qua quá trình giảm quỹ đạo, dần hạ độ cao và cuối cùng bốc cháy trong khí quyển. Tuy nhiên, ba vệ tinh nhỏ Binar-2, 3 và 4 thuộc chương trình Binar Space của Đại học Curtin, Australia, rơi xuống khí quyển sớm hơn nhiều so với dự kiến. Binar-2, 3 và 4 mới chỉ hoạt động hai tháng, trong khi thời gian dự kiến là 6 tháng. Sự kết thúc sớm này ảnh hưởng đến các nghiên cứu khoa học và thử nghiệm hệ thống mới mà chúng đang thực hiện. Nguyên nhân là Mặt Trời gia tăng hoạt động và vệ tinh Binar không phải nạn nhân duy nhất. Hoạt động Mặt Trời tăng mạnh đã gây khó khăn cho các nhà vận hành vệ tinh vài năm qua. Hoạt động Mặt Trời gồm những hiện tượng như vết đen Mặt Trời, lóa Mặt Trời và gió Mặt Trời - dòng hạt mang điện hướng về phía Trái Đất. Đây là kết quả của việc từ trường của ngôi sao này thay đổi liên tục, và khoảng 11 năm một lần, nó hoàn toàn đảo ngược. Tại điểm giữa của chu kỳ, hoạt động Mặt Trời sẽ đạt đỉnh. Dù giới khoa học đã biết về chu kỳ Mặt Trời, hoạt động cụ thể vẫn rất khó dự đoán. Các động lực rất phức tạp trong khi dự báo thời tiết không gian vẫn còn ở giai đoạn sơ khai. Vài tháng qua, các chỉ số về hoạt động Mặt Trời cao gấp 1,5 lần so với dự đoán. Hoạt động tăng đồng nghĩa có nhiều lóa Mặt Trời và gió Mặt Trời mạnh hơn. Luồng hạt mang điện tăng cường có thể làm hỏng hoặc gián đoạn các thành phần điện tử trên vệ tinh. Năng lượng dư thừa từ hoạt động Mặt Trời được hấp thụ vào tầng khí quyển ngoài, khiến nó phình ra. Kết quả là, tất cả vệ tinh ở độ cao dưới 1.000 km đều chịu lực cản khí quyển lớn hơn đáng kể. Đây là lực làm gián đoạn quỹ đạo của chúng và khiến chúng rơi về phía bề mặt Trái Đất. Binar Space là chương trình nghiên cứu vệ tinh nhằm nâng cao hiểu biết về hệ Mặt Trời và giảm rào cản cho hoạt động không gian. Chương trình bắt đầu triển khai với vệ tinh đầu tiên, Binar-1, tháng 9/2021, khi hoạt động Mặt Trời tương đối ít. Vệ tinh hình khối hộp với cạnh 10 cm này bắt đầu ở độ cao 420 km và tồn tại 364 ngày trên quỹ đạo. Các vệ tinh tiếp theo của chương trình, Binar-2, 3 và 4, dự kiến tồn tại khoảng 6 tháng do diện tích pin năng lượng Mặt Trời tăng và hoạt động Mặt Trời mạnh hơn. Nhưng thay vào đó, chúng chỉ tồn tại hai tháng rồi cháy rụi. Dù các vệ tinh khối hộp nhỏ tương đối rẻ, việc kết thúc sớm nhiệm vụ luôn gây thiệt hại. Điều này càng đúng hơn với vệ tinh thương mại, nhấn mạnh việc cần có dự báo thời tiết không gian chính xác hơn. May mắn là Mặt Trời sẽ dịu lại. Dù đang mạnh ngoài dự kiến, hoạt động Mặt Trời có thể chậm lại vào năm 2026 và trở về mức tối thiểu vào năm 2030. Thu Thảo (Theo Live Science)"
Hệ thống rải cáp quang ở vực thẳm sâu nhất thế giới           ,https://vnexpress.net/he-thong-rai-cap-quang-o-vuc-tham-sau-nhat-the-gioi-4820314.html           ,Trung QuốcHệ thống tời kéo cáp quang Haiwei GD11000 có thể triển khai dây cáp ở độ sâu tối đa hơn 11.000 m.                                                               ,"Hệ thống tời kéo cáp quang do Đại học Hàng hải Đại Liên phát triển. Ảnh: Đại học Hàng hải Đại Liên Trung Quốc chế tạo cỗ máy đầu tiên trên thế giới có thể rải cáp dưới biển ở vực thẳm Challenger, nơi sâu nhất được biết đến trên Trái Đất. Nằm ở đầu phía nam của rãnh đại dương Mariana tại khu vực tây Thái Bình Dương, vực thẳm Challenger có độ sâu tối đa gần 11.000 m dưới mực nước biển. Tuy nhiên, độ sâu này vẫn nằm trong phạm vi hoạt động của hệ thống tời kéo cáp quang siêu sâu mới của Trung Quốc mang tên Haiwei GD11000, MSN hôm 25/11 đưa tin. Đồng phát triển bởi Đại học Hàng hải Đại Liên, tỉnh Liêu Ninh cùng một số công ty máy móc và khoa học công nghệ trong nước, Haiwei GD11000 có thể triển khai dây cáp tới độ sâu tối đa trên 11.000 m. Li Wenhua, giáo sư ở trường kỹ thuật hàng hải thuộc trường đại học kiêm giám đốc khoa học của dự án, cho biết Haiwei GD11000 có thể thực hiện nghiên cứu khoa học dưới biển ở độ sâu tối đa của mọi đại dương trên thế giới. Kỷ lục trước đây dành cho cáp dưới biển sâu nhất thế giới thuộc về nhà sản xuất và cung cấp dịch vụ lắp đặt cáp Prysmian của Italy. Hồi tháng 7, công ty này thông báo đã hoàn thành lắp đặt cáp dưới biển ở độ sâu 2.150 m. Được mô tả là hệ thống tời kéo cáp quang siêu sâu duy nhất trên thế giới, Haiwei GD11000 được phát triển hoàn toàn độc lập và đã chứng minh đầy đủ khả năng nghiên cứu đại dương ở độ sâu lớn sau khi hoàn thành chuyến khảo sát đầu tiên gần đây tại Biển Đông. Trong chuyến đi hồi tháng 10, hệ thống đã thực hiện hai hoạt động kéo ở độ sâu hơn 4.000 m với chiều dài triển khai cáp tối đa là 11.228,7 m. Haiwei GD11000 cũng thể hiện khả năng sử dụng robot dưới nước điều khiển bằng dây cáp để quan sát đáy biển, đặt mốc đánh dấu và lấy mẫu vật. Hệ thống tời kéo cáp quang này được thiết kế để triển khai, thu hồi và kéo những thiết bị lớn đóng vai trò chủ chốt trong thăm dò và phát triển tài nguyên dưới biển sâu. Li cho biết Haiwei GD11000 có tải trọng hoạt động an toàn hơn 15 tấn và tốc độ lên tới 120 m/phút. Nó cũng siêu mỏng với đường kính cáp chưa đến 34 mm, nhưng cáp truyền điện có thể đạt tới hơn 51 kilowatt. Trong tương lai, cỗ máy sẽ được dùng cho hoạt động khảo sát vùng cực và biển sâu trên những tàu nghiên cứu. An Khang (Theo MSN)"
Neuralink thử nghiệm điều khiển cánh tay robot bằng ý nghĩ    ,https://vnexpress.net/neuralink-thu-nghiem-dieu-khien-canh-tay-robot-bang-y-nghi-4820445.html    ,MỹCông nghệ mới của công ty Neuralink có thể giúp người bị liệt thực hiện những công việc thường nhật đơn giản mà không cần trợ giúp.                                     ,"Công nghệ mới của Neuralink có thể cho phép người dùng điều khiển cánh tay robot chỉ bằng ý nghĩ. Ảnh: Viorel Kurnosov Neuralink, công ty công nghệ thần kinh của Elon Musk, hôm 26/11 thông báo rằng họ đang nghiên cứu để thử nghiệm công nghệ cấy ghép của mình cho mục đích sử dụng mới: giúp người dùng điều khiển cánh tay robot bằng suy nghĩ. ""Chúng tôi vui mừng thông báo về việc phê duyệt và triển khai một thử nghiệm tính khả thi mới nhằm mở rộng khả năng điều khiển của BCI với thiết bị cấy ghép N1 cho cánh tay robot hỗ trợ"", Neuralink viết trên mạng xã hội X. Hiện tại, vẫn chưa có thêm thông tin chi tiết về nghiên cứu mới trên website của Neuralink. BCI, hay giao diện não - máy tính, là hệ thống cho phép người dùng trực tiếp điều khiển các thiết bị bên ngoài bằng sóng não. Hệ thống đọc và giải mã những tín hiệu chuyển động có chủ đích từ các tế bào thần kinh. BCI của Neuralink gồm một thiết bị nhỏ bằng đồng xu gọi là N1, được robot phẫu thuật cấy ghép vào não. Công ty đang đánh giá độ an toàn của BCI cũng như khả năng giúp người bị liệt điều khiển máy tính. Vận hành máy tính hay cánh tay giả không phải là kỳ tích mới với các hệ thống BCI. Năm 2008, nhóm chuyên gia do Andrew Schwartz tại Đại học Pittsburgh đứng đầu chỉ ra, khỉ có thể điều khiển cánh tay robot để giúp ăn uống bằng các tín hiệu từ não. Sau đó, họ chuyển sang thử nghiệm trên những người tình nguyện. Trong nghiên cứu trên tạp chí Nature năm 2012, hai người bị liệt do đột quỵ đã điều khiển cánh tay robot để chạm và cầm nắm đồ đạc chỉ bằng suy nghĩ. Thậm chí, một người có thể tự lấy cà phê cho mình lần đầu tiên sau 14 năm. Trong một nghiên cứu khác năm 2016, người đàn ông sử dụng BCI đã lấy lại xúc giác bằng cách sử dụng một cánh tay robot. BCI trong những nghiên cứu trên là hệ thống cồng kềnh, phải dẫn dây cáp từ đầu người dùng đến máy tính giải mã tín hiệu não. Tuy nhiên, hệ thống của Neuralink là không dây. Đầu năm nay, Neuralink đã chứng minh rằng BCI của mình có thể giúp điều khiển con trỏ máy tính. Trong video trên X, người tham gia nghiên cứu Noland Arbaugh dùng thiết bị Neuralink để chơi cờ vua và các trò chơi khác trên máy. Arbaugh bị liệt tứ chi sau một tai nạn bơi lội năm 2016. Anh phẫu thuật não hồi tháng 1 để cấy ghép thiết bị Neuralink, nhưng vài tuần sau, nó bắt đầu trục trặc. Thiết bị cấy ghép có 64 sợi cáp mỏng, mềm dẻo xuyên qua mô não. Mỗi sợi chứa 16 điện cực giúp thu thập tín hiệu thần kinh. Tháng 5, Neuralink cho biết, một số sợi đã co rút khỏi não, khiến Arbaugh tạm thời mất khả năng điều khiển con trỏ máy tính. Neuralink sau đó khôi phục khả năng điều khiển của Arbaugh bằng cách sửa đổi thuật toán ghi chép não để nhạy bén hơn và thay đổi cách nó giải mã các tín hiệu thần kinh thành chuyển động của con trỏ. Người tham gia thử nghiệm thứ hai của Neuralink, Alex, được cấy ghép hồi tháng 7. Neuralink đã thực hiện các bước để giảm khả năng sợi cáp bị co rút, bao gồm giảm chuyển động não trong quá trình phẫu thuật và giảm khoảng cách giữa thiết bị cấy ghép và bề mặt não. ""Xin chúc mừng Neuralink vì nhận được sự phê duyệt cho thử nghiệm tính khả thi của họ. Mỗi bước tiến trong công nghệ thần kinh lại đưa chúng ta đến gần hơn với việc trao quyền cho người mắc các chứng rối loạn thần kinh"", Marcus Gerhardt, CEO kiêm nhà đồng sáng lập công ty Blackrock Neurotech, cho biết. Thách thức lớn nhất khi điều khiển cánh tay robot bằng BCI là việc hiệu chỉnh, theo Brian Dekleva, nhà khoa học nghiên cứu tại Phòng thí nghiệm Kỹ thuật Thần kinh Phục hồi thuộc Đại học Pittsburgh. ""Việc điều khiển càng phức tạp, càng thêm nhiều bậc tự do thì quá trình hiệu chỉnh càng mất nhiều thời gian. Mọi người sẽ không muốn ngồi hiệu chỉnh nửa tiếng mỗi ngày mới có thể sử dụng thiết bị của mình"", ông cho biết. Nếu khắc phục được hạn chế này, công nghệ mới có thể giúp người bị liệt thực hiện những công việc thường nhật đơn giản mà không cần trợ giúp. Thu Thảo (Theo Wired)"
Phát hiện xác tàu đắm của nhà thám hiểm Vasco da Gama         ,https://vnexpress.net/phat-hien-xac-tau-dam-cua-nha-tham-hiem-vasco-da-gama-4820321.html         ,KenyaCác nhà nghiên cứu có thể tìm thấy xác tàu nằm trong đội tàu của nhà thám hiểm nổi tiếng người Bồ Đào Nha trong chuyến đi cuối cùng của ông.                         ,"Thợ lặn thám hiểm khu vực tàu đắm. Ảnh: Filipe Castro Một xác tàu ngoài khơi Kenya có thể là con tàu từ một trong những chuyến đi tiên phong của Vasco da Gama tới Ấn Độ Dương cách đây 500 năm. Xác tàu được phát hiện gần thị trấn Malindi của Kenya năm 2013 nằm trong số 8 xác tàu Bồ Đào Nha được biết tới từ thời kỳ này trong khu vực. Các nhà nghiên cứu cho rằng đó có thể là tàu São Jorge chìm năm 1524 dù chưa chắc chắn về nhận dạng của nó, Live Science hôm 25/11 đưa tin. Nếu xác tàu đúng là São Jorge, đây sẽ là xác tàu cổ nhất của châu Âu ở Ấn Độ Dương, theo Filipe Castro, nhà khảo cổ học hải dương ở Đại học Coimbra tại Bồ Đào Nha. Theo nghiên cứu công bố trên tạp chí Maritime Archaeology, Castro và đồng nghiệp hy vọng có thể xác minh nhận dạng của tàu, một phần bằng cách tiến hành khảo sát rạn san hô trải dài về phía bắc từ Malindi tới Ras Ngomeni, Kenya qua khoảng cách 25 km. Xác tàu nằm cách bờ khoảng 500 m, ở độ sâu 6 m. Tuy không thể quan sát nhiều xác tàu giữa đám san hô ở đáy biển, Castro và những thợ lặn khác khai quật gỗ ở đầu tàu và khung tàu tại hai rãnh mà họ đào ở địa điểm tàu đắm. Da Gama (năm 1469 - 1524) là người tiên phong đi từ châu Âu tới Ấn Độ Dương năm 1497, khi tàu của ông trở thành con tàu đầu tiên đi vòng quanh Mũi Hảo Vọng ở phía nam châu Phi. Nhà thám hiểm người Tây Ban Nha thực hiện thêm ba chuyến đi khác dọc theo lộ trình trước khi qua đời ở Ấn Độ năm 1524, có thể do sốt rét. Những chuyến thám hiểm của ông là nền tảng cho hoạt động thông thương của Bồ Đào Nha ở Ấn Độ Dương. São Jorge là một trong 20 tàu gia nhập chuyến thám hiểm cuối cùng của da Gama năm 1524, nhưng tàu chìm không lâu trước khi ông mất. Nghiên cứu mới chỉ ra đây là một trong hai tàu Bồ Đào Nha ban đầu chìm gần Malindi, tàu còn lại tên Nossa Senhora da Graça bị đắm năm 1544. Nếu xác tàu gần Malindi được xác nhận là São Jorge, nó sẽ có ý nghĩa lịch sử quan trọng và giá trị biểu tượng như minh chứng cho sự hiện diện của đội tàu thứ ba của Vasco da Gama ở vùng biển Kenya, theo Castro. Nhà chức trách Kenya rất quan tâm tới xác tàu Malindi và khu vực này có thể trở thành bảo tàng dưới nước. Xác tàu được tìm thấy bởi Caesar Bita, nhà khảo cổ dưới nước ở Bảo tàng quốc gia Kenya. Bita cũng thu thập nhiều thỏi đồng và ngà voi ở khu vực tàu đắm. Tuy nhiên, cần nghiên cứu khảo cổ sâu hơn để xác nhận đây là một trong những chiếc tàu của da Gama. An Khang (Theo Live Science)"
Nơi tập trung nhiều sông khí quyển trên Trái Đất              ,https://vnexpress.net/noi-tap-trung-nhieu-song-khi-quyen-tren-trai-dat-4819885.html              ,Những dòng sông hơi nước trải dài hơn 1.600 km trên bầu trời đang dịch chuyển từ vùng ôn đới tới gần vùng cực hơn trong 40 năm qua.                                       ,"Theo NASA, sông khí quyển mang lượng nước nhiều gấp đôi so với sông Amazon. Ảnh: IFL Science Tuy sông khí quyển đóng vai trò không thể thiếu trong chu kỳ nước từ rất lâu trước khi khủng long xuất hiện, thuật ngữ này được mô tả lần đầu tiên gần đây, vào năm 1994. Đây là thuật ngữ để chỉ cột hơi nước dài hẹp trôi qua khí quyển Trái Đất, giống như những dòng sông trên bầu trời. Sông khí quyển vận chuyển nước từ vùng nhiệt đới gần xích đạo Trái Đất tới vùng ôn đới và xa hơn. Chúng là một hiện tượng tạm thời và trung bình có 4 - 5 sông khí quyển tồn tại ở bất kỳ thời điểm nào, theo Bộ Năng lượng Mỹ (DoE). Có lẽ sông khí quyển nổi tiếng nhất trong số đó là Pineapple Express, bắt đầu ở Thái Bình Dương gần Hawaii và đổ bộ vào vùng ven biển phía tây nước Mỹ. Theo NASA giải thích, sông khí quyển có xu hướng tồn tại ở vùng ngoài nhiệt đới thuộc khu vực Bắc và Đông nam Thái Bình Dương cùng với Bắc Mỹ và Nam Mỹ. Sông khí quyển có thể di chuyển quãng đường khổng lồ, thường hạ cánh ở vùng ôn đới trong khoảng 30 - 60 độ vĩ bắc và vĩ nam, như các vùng ở bờ tây châu Mỹ, châu Âu, Đông Nam Á và New Zealand. Tại đây, chúng giải phóng nước dưới dạng mưa hoặc tuyết. Sông khí quyển gắn liền với hệ thống nước của thế giới và cung cấp nguồn nước chủ chốt. Trên thực tế, theo Cục quản lý Đại dương và Khí quyển Quốc gia Mỹ (NOAA), khoảng 30 - 50% lượng mưa hàng năm ở bờ Tây nước Mỹ là kết quả của một số sự kiện sông khí quyển. Trong khi đó, các nước như Pháp, Tây Ban Nha, Anh và nhiều khu vực như Đông Nam Á nhận hơn nửa lượng mưa từ sông khí quyển. Tuy nhiên, chúng cũng có tiềm năng kích hoạt mưa lũ nghiêm trọng, gây sạt lở đất và thiệt hại về tài sản. Đó là trường hợp ở Bắc Mỹ hồi đầu năm nay. Trong tháng 9, một sông khí quyển đặc biệt mạnh gây ra mưa lớn suốt nhiều ngày ở Canada và đông nam Alaska. Trong khi vùng ôn đới nhận lượng mưa lớn hơn từ sông khí quyển trong lịch sử, các nhà khoa học gần đây phát hiện thay đổi nhỏ do biến đổi khí hậu có thể tác động lớn tới nguồn cung cấp nước của thế giới. Nghiên cứu của nhóm chuyên gia ở Đại học California, Santa Barbara, hé lộ sự dịch chuyển vị trí của sông khí quyển. Phát hiện hé lộ chúng đã di chuyển trung bình 6 - 10 độ gần hơn về phía vùng cực trong 40 năm qua. Thay đổi này có thể dẫn tới hạn hán nặng nề ở khu vực cận nhiệt đới như Brazil và điều kiện ẩm ướt hơn ở các nước nằm gần vùng cực tại châu Âu và khu vực tây bắc Thái Bình Dương của Mỹ. Nhóm nghiên cứu cũng chỉ ra sự thay đổi trên có thể làm trầm trọng hơn xu hướng dẫn tới tổn thất nhiều băng biển hơn ở Bắc Cực. Khi lượng mưa từ sông khí quyển trở nên phổ biến hơn ở vùng cực vào mùa đông, những khu vực này có ít thời gian phục hồi từ quá trình tuyết tan chảy vào mùa hè hơn. An Khang (Theo IFL Science)"
Lần đầu phát hiện miệng hố thiên thạch trên sống núi          ,https://vnexpress.net/lan-dau-phat-hien-mieng-ho-thien-thach-tren-song-nui-4819892.html          ,Trung QuốcMiệng hố va chạm Hải Lâm đường kính 1.360 m là kết quả từ vụ va chạm giữa Trái Đất và một thiên thạch cổ đại.                                                   ,"Vị trí của miệng hố thiên thạch ở Hải Lâm, tỉnh Hắc Long Giang. Ảnh: Global News Các nhà khoa học Trung Quốc lần đầu tiên tìm thấy miệng hố thiên thạch trên sống núi, giúp tăng thêm hiểu biết của con người về lịch sử va chạm của hành tinh và cung cấp góc nhìn mới để khám phá cơ chế hình thành miệng hố dẫn tới địa hình và địa mạo độc đáo của Trung Quốc, Global Times hôm 24/11 đưa tin. Theo Trung tâm nghiên cứu khoa học kỹ thuật áp suất cao (HPSTAR), miệng hố va chạm mới phát hiện ở Hải Lâm, tỉnh Hắc Long Giang là miệng hố thứ 4 được phát hiện trên lãnh thổ Trung Quốc tính đến nay. Điều độc đáo ở miệng hố này là nó hình thành trên sống núi, có hình dạng giống khay hót rác hình bầu dục với đường kính lên tới 1.360 m. Chênh lệch độ cao giữa vành cao nhất và điểm thấp nhất của nó vượt quá 100 m, giống như một chiếc phễu khổng lồ treo lơ lửng trên dãy núi Trường Bạch. Miệng hố va chạm Hải Lâm là một dấu ấn địa chất còn sót lại từ sự kiện va chạm đặc biệt. Theo Chen Ming, một trong các nhà khoa học ở HPSTAR phát hiện miệng hố, vụ va chạm xảy ra cách đây hàng trăm nghìn năm. ""Thông qua khảo sát địa chất thực địa và kiểm tra mẫu vật, chúng tôi xác định hàng loạt bằng chứng vĩ mô và vi mô liên quan tới vụ va chạm ở bồn địa nhỏ này, xác nhận đây là cấu trúc hình thành bởi va chạm với một tiểu hành tinh ngoài hành tinh"", Chen nói. Trừ dấu hiệu xói mòn, miệng hố thiên thạch Hải Lâm khá nguyên vẹn. Phát hiện được mô tả chi tiết trên tạp chí Matter and Radiation at Extremes sẽ giúp thúc đẩy nghiên cứu về biến dạng do va chạm của vật liệu. Những miệng hố thiên thạch trên Trái Đất là vùng trũng hình tròn, ra đời dưới tác động của thiên thể như tiểu hành tinh đâm vào Trái Đất từ không gian. Thiên thạch không phải hiện tượng tự nhiên độc đáo nhưng là một trong những nền tảng quan trọng để giới khoa học nghiên cứu không gian. Tính đến nay, hơn 200 miệng hố va chạm được nhận dạng và xác nhận trên Trái Đất như miệng hố Barringer ở Arizona, Mỹ và miệng hố Wolfe Creek ở Australia. Tuy nhiên, các miệng hố thiên thạch ở Trung Quốc cực hiếm. Miệng hố Barringer hình thành dưới tác động của một tiểu hành tinh sắt - nickel đường kính 46 m, có niên đại hơn 50.000 năm và được bảo quản tốt. Vụ va chạm ban đầu tạo ra miệng hố có đường kính hơn 1.200 m và sâu 210 m, nhưng hiện nay nó chỉ sâu 150 m do xói mòn lấp đầy một phần miệng hố, theo NASA. Có hình dạng gần tròn, Wolfe Creek là miệng hố lớn thứ hai trên thế giới. Các nhà địa chất ước tính nó hình thành cách đây 300.000 năm khi một thiên thạch nặng hơn 40.000 tấn đâm vào Trái Đất ở tốc độ khoảng 15 km/giây. An Khang (Theo Global Times)"
"NASA tài trợ 11,5 triệu USD nghiên cứu máy bay tương lai"    ,https://vnexpress.net/nasa-tai-tro-11-5-trieu-usd-nghien-cuu-may-bay-tuong-lai-4819842.html      ,NASA tài trợ kinh phí cho 5 tổ chức nghiên cứu máy bay thương mại mới với các tiêu chí giảm khí thải và hiệu quả hơn.                                                     ,"Hình minh họa về mẫu máy bay chở khách trong tương lai của NASA. Ảnh: Electra Dự án thiết kế máy bay thế hệ mới trong khuôn khổ sáng kiến ""Máy bay Tiên tiến vì Môi trường Bền vững 2050"" (AACES 2050). Theo đó 5 tổ chức tham gia thiết kế máy bay mới bao gồm: Aurora Flight Sciences của Boeing, công ty hàng không vũ trụ Electra, Viện Công nghệ Georgia, công ty khởi nghiệp hàng không JetZero và Pratt & Whitney. Bob Pearce, phó giám đốc Ban Giám đốc Sứ mệnh nghiên cứu hàng không của NASA, cho biết thông qua các sáng kiến như AACES, NASA sẽ tìm kiếm các giải pháp về cách tăng hiệu quả máy bay, giảm tác động môi trường của ngành hàng không và nâng cao năng lực cạnh tranh công nghệ của Mỹ trong những năm 2040, 2050 và xa hơn nữa. Tổng số tiền tài trợ cho 5 nghiên cứu này là 11,5 triệu USD. Mỗi tổ chức tập trung nghiên cứu theo chuyên môn riêng, từ nhiên liệu thay thế đến công nghệ động cơ đẩy và thiết kế khí động học. Aurora Flight Sciences sẽ nghiên cứu nhiên liệu hàng không thay thế, hệ thống động cơ đẩy, công nghệ khí động học và cấu hình máy bay. Electra sẽ khám phá động cơ điện và các tính năng thiết kế khí động học độc đáo cho thân và cánh máy bay để giảm khí thải và tiếng ồn. Viện Công nghệ Georgia sẽ tập trung vào công nghệ bền vững, bao gồm nhiên liệu thay thế, hệ thống động cơ đẩy và cấu hình máy bay. JetZero sẽ khám phá công nghệ sử dụng hydro lỏng đông lạnh làm nhiên liệu để giảm phát thải khí nhà kính. Pratt & Whitney sẽ nghiên cứu công nghệ động cơ đẩy hàng không, tập trung vào cải thiện hiệu suất nhiệt và động cơ đẩy để giảm mức tiêu thụ nhiên liệu và khí thải nhà kính góp phần gây ra sự nóng lên toàn cầu. Nateri Madavan, giám đốc Chương trình Phương tiện Hàng không Tiên tiến của NASA, cho biết: ""Các đề xuất được chọn đến từ nhiều tổ chức khác nhau, sẽ cung cấp những khám phá thú vị và đa dạng về các kịch bản, công nghệ và khái niệm máy bay, giúp ngành hàng không hướng tới các mục tiêu bền vững mang tính chuyển đổi"". Các mẫu thiết kế máy bay được phát triển thông qua AACES có thể đi vào hoạt động trong vòng 25 năm tới. Bằng cách giảm sự phụ thuộc của máy bay vào các nguồn nhiên liệu truyền thống gây phát thải khí nhà kính, NASA đang hỗ trợ mục tiêu không phát thải ròng của ngành hàng không Mỹ vào năm 2050. Minh Thư (Theo Space)"
Trung Quốc thử nghiệm thành công khoang tàu vũ trụ bơm phồng  ,https://vnexpress.net/trung-quoc-thu-nghiem-thanh-cong-khoang-tau-vu-tru-bom-phong-4819549.html  ,"Viện Công nghệ Vũ trụ Trung Quốc hôm 21/11 thông báo, khoang tàu vũ trụ bơm phồng mà vệ tinh Shijian-19 mang theo đã vượt qua thử nghiệm quỹ đạo."                       ,"Khoang tàu vũ trụ bơm phồng được thử nghiệm trên vệ tinh Shijian-19. Ảnh: CAST Vệ tinh Shijian-19 phóng lên bằng tên lửa Trường Chinh 2D từ Tửu Tuyền ngày 27/9 và hạ cánh tại bãi đáp Đông Phong ở sa mạc Gobi ngày 10/10. Viện Công nghệ Vũ trụ Trung Quốc (CAST), đơn vị phát triển các module cho trạm vũ trụ Thiên Cung, đã sản xuất cả Shijian-19 lẫn khoang tàu thử nghiệm. Khoang tàu mới là một cấu trúc kín đa chức năng làm từ các vật liệu composite linh hoạt. Thử nghiệm được CAST đánh giá là hoàn toàn thành công. Khoang tàu ở trạng thái nén, gấp gọn, trong quá trình phóng và phồng lên khi tới quỹ đạo. Thiết kế này mang lại nhiều lợi ích như trọng lượng nhẹ và hiệu suất gấp cao. Do đó, đây là thiết kế đầy hứa hẹn cho việc xây dựng các module kín quy mô lớn, đại diện cho một hướng đi mới và quan trọng trong công nghệ module kín. CAST đã sử dụng chuyên môn về thiết kế hệ thống, cấu trúc, cơ chế, kiểm soát nhiệt và môi trường vũ trụ để đạt được thành tựu này. Họ cũng đã tiến hành các thử nghiệm trên mặt đất như kiểm tra độ kín khí, khả năng va chạm với rác vũ trụ, chịu áp suất cực đại, chấn động và trải qua các bài kiểm tra chân không nhiệt. Trước đây, Trung Quốc từng thể hiện sự quan tâm đến các module có thể mở rộng hoặc bơm phồng, nhưng thông báo hôm 21/11 có vẻ là lần đầu tiên nước này hé lộ phần cứng liên quan. Trung Quốc cũng đã tiết lộ kế hoạch mở rộng trạm vũ trụ Thiên Cung, bắt đầu với một module đa chức năng để cho phép các module mới ghép nối với trạm. Dù hình ảnh mô phỏng của kế hoạch cho thấy các module cứng mới cũng tương tự những module hiện nay trên quỹ đạo, một module bơm phồng có thể đóng vai trò trong việc mở rộng này. Một số công ty như Lockheed Martin (Mỹ) và Sierra Space (Mỹ) cũng đang thử nghiệm công nghệ tàu bơm phồng, có thể triển khai cho những trạm vũ trụ thương mại quỹ đạo thấp phóng lên sau khi Trạm Vũ trụ Quốc tế (ISS) dừng hoạt động. Trung Quốc có trạm Thiên Cung để thực hiện thí nghiệm vi trọng lực và thí nghiệm không gian khác, nhưng khả năng đưa hàng hóa trở về Trái Đất của trạm còn hạn chế. Phần có thể trở về Trái Đất của Shijian-19 chở được 500 - 600 kg hàng hóa, giúp tăng cường lựa chọn cho các thí nghiệm vi trọng lực. Thử nghiệm thành công của khoang tàu bơm phồng mới giúp lấp đầy một khoảng trống công nghệ của Trung Quốc, có thể mở đường cho những ứng dụng tương lai giúp khám phá không gian sâu và môi trường sống trên quỹ đạo. Thu Thảo (Theo Spacenews)"
